dataset,representation,model,curve,x,y
MIMIC-IV internal OOF,patient_mean_5_repeats,model0_snapshot,ROC,0.0,0.0
MIMIC-IV internal OOF,patient_mean_5_repeats,model0_snapshot,ROC,0.01,0.0519
MIMIC-IV internal OOF,patient_mean_5_repeats,model0_snapshot,ROC,0.02,0.10376
MIMIC-IV internal OOF,patient_mean_5_repeats,model0_snapshot,ROC,0.03,0.13565
MIMIC-IV internal OOF,patient_mean_5_repeats,model0_snapshot,ROC,0.04,0.15095
MIMIC-IV internal OOF,patient_mean_5_repeats,model0_snapshot,ROC,0.05,0.16825
MIMIC-IV internal OOF,patient_mean_5_repeats,model0_snapshot,ROC,0.06,0.18299
MIMIC-IV internal OOF,patient_mean_5_repeats,model0_snapshot,ROC,0.07,0.19849
MIMIC-IV internal OOF,patient_mean_5_repeats,model0_snapshot,ROC,0.08,0.22726
MIMIC-IV internal OOF,patient_mean_5_repeats,model0_snapshot,ROC,0.09,0.23171
MIMIC-IV internal OOF,patient_mean_5_repeats,model0_snapshot,ROC,0.1,0.26905
MIMIC-IV internal OOF,patient_mean_5_repeats,model0_snapshot,ROC,0.11,0.30348
MIMIC-IV internal OOF,patient_mean_5_repeats,model0_snapshot,ROC,0.12,0.31957
MIMIC-IV internal OOF,patient_mean_5_repeats,model0_snapshot,ROC,0.13,0.32384
MIMIC-IV internal OOF,patient_mean_5_repeats,model0_snapshot,ROC,0.14,0.32719
MIMIC-IV internal OOF,patient_mean_5_repeats,model0_snapshot,ROC,0.15,0.35385
MIMIC-IV internal OOF,patient_mean_5_repeats,model0_snapshot,ROC,0.16,0.37071
MIMIC-IV internal OOF,patient_mean_5_repeats,model0_snapshot,ROC,0.17,0.38456
MIMIC-IV internal OOF,patient_mean_5_repeats,model0_snapshot,ROC,0.18,0.40095
MIMIC-IV internal OOF,patient_mean_5_repeats,model0_snapshot,ROC,0.19,0.41148
MIMIC-IV internal OOF,patient_mean_5_repeats,model0_snapshot,ROC,0.2,0.42905
MIMIC-IV internal OOF,patient_mean_5_repeats,model0_snapshot,ROC,0.21,0.45869
MIMIC-IV internal OOF,patient_mean_5_repeats,model0_snapshot,ROC,0.22,0.46978
MIMIC-IV internal OOF,patient_mean_5_repeats,model0_snapshot,ROC,0.23,0.47965
MIMIC-IV internal OOF,patient_mean_5_repeats,model0_snapshot,ROC,0.24,0.49513
MIMIC-IV internal OOF,patient_mean_5_repeats,model0_snapshot,ROC,0.25,0.50262
MIMIC-IV internal OOF,patient_mean_5_repeats,model0_snapshot,ROC,0.26,0.52017
MIMIC-IV internal OOF,patient_mean_5_repeats,model0_snapshot,ROC,0.27,0.53378
MIMIC-IV internal OOF,patient_mean_5_repeats,model0_snapshot,ROC,0.28,0.54402
MIMIC-IV internal OOF,patient_mean_5_repeats,model0_snapshot,ROC,0.29,0.55489
MIMIC-IV internal OOF,patient_mean_5_repeats,model0_snapshot,ROC,0.3,0.55791
MIMIC-IV internal OOF,patient_mean_5_repeats,model0_snapshot,ROC,0.31,0.56243
MIMIC-IV internal OOF,patient_mean_5_repeats,model0_snapshot,ROC,0.32,0.56693
MIMIC-IV internal OOF,patient_mean_5_repeats,model0_snapshot,ROC,0.33,0.56976
MIMIC-IV internal OOF,patient_mean_5_repeats,model0_snapshot,ROC,0.34,0.57263
MIMIC-IV internal OOF,patient_mean_5_repeats,model0_snapshot,ROC,0.35,0.57556
MIMIC-IV internal OOF,patient_mean_5_repeats,model0_snapshot,ROC,0.36,0.59317
MIMIC-IV internal OOF,patient_mean_5_repeats,model0_snapshot,ROC,0.37,0.6091
MIMIC-IV internal OOF,patient_mean_5_repeats,model0_snapshot,ROC,0.38,0.62405
MIMIC-IV internal OOF,patient_mean_5_repeats,model0_snapshot,ROC,0.39,0.64006
MIMIC-IV internal OOF,patient_mean_5_repeats,model0_snapshot,ROC,0.4,0.64864
MIMIC-IV internal OOF,patient_mean_5_repeats,model0_snapshot,ROC,0.41,0.65626
MIMIC-IV internal OOF,patient_mean_5_repeats,model0_snapshot,ROC,0.42,0.66851
MIMIC-IV internal OOF,patient_mean_5_repeats,model0_snapshot,ROC,0.43,0.68593
MIMIC-IV internal OOF,patient_mean_5_repeats,model0_snapshot,ROC,0.44,0.69039
MIMIC-IV internal OOF,patient_mean_5_repeats,model0_snapshot,ROC,0.45,0.69484
MIMIC-IV internal OOF,patient_mean_5_repeats,model0_snapshot,ROC,0.46,0.69978
MIMIC-IV internal OOF,patient_mean_5_repeats,model0_snapshot,ROC,0.47,0.72053
MIMIC-IV internal OOF,patient_mean_5_repeats,model0_snapshot,ROC,0.48,0.72604
MIMIC-IV internal OOF,patient_mean_5_repeats,model0_snapshot,ROC,0.49,0.73821
MIMIC-IV internal OOF,patient_mean_5_repeats,model0_snapshot,ROC,0.5,0.74471
MIMIC-IV internal OOF,patient_mean_5_repeats,model0_snapshot,ROC,0.51,0.75734
MIMIC-IV internal OOF,patient_mean_5_repeats,model0_snapshot,ROC,0.52,0.77395
MIMIC-IV internal OOF,patient_mean_5_repeats,model0_snapshot,ROC,0.53,0.77551
MIMIC-IV internal OOF,patient_mean_5_repeats,model0_snapshot,ROC,0.54,0.77707
MIMIC-IV internal OOF,patient_mean_5_repeats,model0_snapshot,ROC,0.55,0.77863
MIMIC-IV internal OOF,patient_mean_5_repeats,model0_snapshot,ROC,0.56,0.7849
MIMIC-IV internal OOF,patient_mean_5_repeats,model0_snapshot,ROC,0.57,0.7943
MIMIC-IV internal OOF,patient_mean_5_repeats,model0_snapshot,ROC,0.58,0.79747
MIMIC-IV internal OOF,patient_mean_5_repeats,model0_snapshot,ROC,0.59,0.80064
MIMIC-IV internal OOF,patient_mean_5_repeats,model0_snapshot,ROC,0.6,0.80422
MIMIC-IV internal OOF,patient_mean_5_repeats,model0_snapshot,ROC,0.61,0.81173
MIMIC-IV internal OOF,patient_mean_5_repeats,model0_snapshot,ROC,0.62,0.82027
MIMIC-IV internal OOF,patient_mean_5_repeats,model0_snapshot,ROC,0.63,0.8255
MIMIC-IV internal OOF,patient_mean_5_repeats,model0_snapshot,ROC,0.64,0.83188
MIMIC-IV internal OOF,patient_mean_5_repeats,model0_snapshot,ROC,0.65,0.8459
MIMIC-IV internal OOF,patient_mean_5_repeats,model0_snapshot,ROC,0.66,0.84808
MIMIC-IV internal OOF,patient_mean_5_repeats,model0_snapshot,ROC,0.67,0.85025
MIMIC-IV internal OOF,patient_mean_5_repeats,model0_snapshot,ROC,0.68,0.8675
MIMIC-IV internal OOF,patient_mean_5_repeats,model0_snapshot,ROC,0.69,0.8739
MIMIC-IV internal OOF,patient_mean_5_repeats,model0_snapshot,ROC,0.7,0.88397
MIMIC-IV internal OOF,patient_mean_5_repeats,model0_snapshot,ROC,0.71,0.88813
MIMIC-IV internal OOF,patient_mean_5_repeats,model0_snapshot,ROC,0.72,0.89229
MIMIC-IV internal OOF,patient_mean_5_repeats,model0_snapshot,ROC,0.73,0.89574
MIMIC-IV internal OOF,patient_mean_5_repeats,model0_snapshot,ROC,0.74,0.89907
MIMIC-IV internal OOF,patient_mean_5_repeats,model0_snapshot,ROC,0.75,0.9023
MIMIC-IV internal OOF,patient_mean_5_repeats,model0_snapshot,ROC,0.76,0.90538
MIMIC-IV internal OOF,patient_mean_5_repeats,model0_snapshot,ROC,0.77,0.90798
MIMIC-IV internal OOF,patient_mean_5_repeats,model0_snapshot,ROC,0.78,0.91058
MIMIC-IV internal OOF,patient_mean_5_repeats,model0_snapshot,ROC,0.79,0.93438
MIMIC-IV internal OOF,patient_mean_5_repeats,model0_snapshot,ROC,0.8,0.94474
MIMIC-IV internal OOF,patient_mean_5_repeats,model0_snapshot,ROC,0.81,0.9481
MIMIC-IV internal OOF,patient_mean_5_repeats,model0_snapshot,ROC,0.82,0.95022
MIMIC-IV internal OOF,patient_mean_5_repeats,model0_snapshot,ROC,0.83,0.95235
MIMIC-IV internal OOF,patient_mean_5_repeats,model0_snapshot,ROC,0.84,0.96687
MIMIC-IV internal OOF,patient_mean_5_repeats,model0_snapshot,ROC,0.85,0.96989
MIMIC-IV internal OOF,patient_mean_5_repeats,model0_snapshot,ROC,0.86,0.97119
MIMIC-IV internal OOF,patient_mean_5_repeats,model0_snapshot,ROC,0.87,0.97227
MIMIC-IV internal OOF,patient_mean_5_repeats,model0_snapshot,ROC,0.88,0.97334
MIMIC-IV internal OOF,patient_mean_5_repeats,model0_snapshot,ROC,0.89,0.97442
MIMIC-IV internal OOF,patient_mean_5_repeats,model0_snapshot,ROC,0.9,0.97549
MIMIC-IV internal OOF,patient_mean_5_repeats,model0_snapshot,ROC,0.91,0.97948
MIMIC-IV internal OOF,patient_mean_5_repeats,model0_snapshot,ROC,0.92,0.98462
MIMIC-IV internal OOF,patient_mean_5_repeats,model0_snapshot,ROC,0.93,0.98809
MIMIC-IV internal OOF,patient_mean_5_repeats,model0_snapshot,ROC,0.94,1.0
MIMIC-IV internal OOF,patient_mean_5_repeats,model0_snapshot,ROC,0.95,1.0
MIMIC-IV internal OOF,patient_mean_5_repeats,model0_snapshot,ROC,0.96,1.0
MIMIC-IV internal OOF,patient_mean_5_repeats,model0_snapshot,ROC,0.97,1.0
MIMIC-IV internal OOF,patient_mean_5_repeats,model0_snapshot,ROC,0.98,1.0
MIMIC-IV internal OOF,patient_mean_5_repeats,model0_snapshot,ROC,0.99,1.0
MIMIC-IV internal OOF,patient_mean_5_repeats,model0_snapshot,ROC,1.0,1.0
MIMIC-IV internal OOF,patient_mean_5_repeats,model0_snapshot,PR,0.0,1.0
MIMIC-IV internal OOF,patient_mean_5_repeats,model0_snapshot,PR,0.01,0.44667
MIMIC-IV internal OOF,patient_mean_5_repeats,model0_snapshot,PR,0.02,0.336
MIMIC-IV internal OOF,patient_mean_5_repeats,model0_snapshot,PR,0.03,0.2793
MIMIC-IV internal OOF,patient_mean_5_repeats,model0_snapshot,PR,0.04,0.34042
MIMIC-IV internal OOF,patient_mean_5_repeats,model0_snapshot,PR,0.05,0.3527
MIMIC-IV internal OOF,patient_mean_5_repeats,model0_snapshot,PR,0.06,0.37217
MIMIC-IV internal OOF,patient_mean_5_repeats,model0_snapshot,PR,0.07,0.38848
MIMIC-IV internal OOF,patient_mean_5_repeats,model0_snapshot,PR,0.08,0.38961
MIMIC-IV internal OOF,patient_mean_5_repeats,model0_snapshot,PR,0.09,0.38529
MIMIC-IV internal OOF,patient_mean_5_repeats,model0_snapshot,PR,0.1,0.34472
MIMIC-IV internal OOF,patient_mean_5_repeats,model0_snapshot,PR,0.11,0.34286
MIMIC-IV internal OOF,patient_mean_5_repeats,model0_snapshot,PR,0.12,0.34474
MIMIC-IV internal OOF,patient_mean_5_repeats,model0_snapshot,PR,0.13,0.33508
MIMIC-IV internal OOF,patient_mean_5_repeats,model0_snapshot,PR,0.14,0.30957
MIMIC-IV internal OOF,patient_mean_5_repeats,model0_snapshot,PR,0.15,0.29061
MIMIC-IV internal OOF,patient_mean_5_repeats,model0_snapshot,PR,0.16,0.26844
MIMIC-IV internal OOF,patient_mean_5_repeats,model0_snapshot,PR,0.17,0.26233
MIMIC-IV internal OOF,patient_mean_5_repeats,model0_snapshot,PR,0.18,0.23954
MIMIC-IV internal OOF,patient_mean_5_repeats,model0_snapshot,PR,0.19,0.22981
MIMIC-IV internal OOF,patient_mean_5_repeats,model0_snapshot,PR,0.2,0.23268
MIMIC-IV internal OOF,patient_mean_5_repeats,model0_snapshot,PR,0.21,0.23388
MIMIC-IV internal OOF,patient_mean_5_repeats,model0_snapshot,PR,0.22,0.23422
MIMIC-IV internal OOF,patient_mean_5_repeats,model0_snapshot,PR,0.23,0.22264
MIMIC-IV internal OOF,patient_mean_5_repeats,model0_snapshot,PR,0.24,0.21681
MIMIC-IV internal OOF,patient_mean_5_repeats,model0_snapshot,PR,0.25,0.22222
MIMIC-IV internal OOF,patient_mean_5_repeats,model0_snapshot,PR,0.26,0.22548
MIMIC-IV internal OOF,patient_mean_5_repeats,model0_snapshot,PR,0.27,0.22375
MIMIC-IV internal OOF,patient_mean_5_repeats,model0_snapshot,PR,0.28,0.22707
MIMIC-IV internal OOF,patient_mean_5_repeats,model0_snapshot,PR,0.29,0.22703
MIMIC-IV internal OOF,patient_mean_5_repeats,model0_snapshot,PR,0.3,0.22869
MIMIC-IV internal OOF,patient_mean_5_repeats,model0_snapshot,PR,0.31,0.22996
MIMIC-IV internal OOF,patient_mean_5_repeats,model0_snapshot,PR,0.32,0.22098
MIMIC-IV internal OOF,patient_mean_5_repeats,model0_snapshot,PR,0.33,0.19928
MIMIC-IV internal OOF,patient_mean_5_repeats,model0_snapshot,PR,0.34,0.20229
MIMIC-IV internal OOF,patient_mean_5_repeats,model0_snapshot,PR,0.35,0.20402
MIMIC-IV internal OOF,patient_mean_5_repeats,model0_snapshot,PR,0.36,0.19773
MIMIC-IV internal OOF,patient_mean_5_repeats,model0_snapshot,PR,0.37,0.19886
MIMIC-IV internal OOF,patient_mean_5_repeats,model0_snapshot,PR,0.38,0.19581
MIMIC-IV internal OOF,patient_mean_5_repeats,model0_snapshot,PR,0.39,0.19408
MIMIC-IV internal OOF,patient_mean_5_repeats,model0_snapshot,PR,0.4,0.1929
MIMIC-IV internal OOF,patient_mean_5_repeats,model0_snapshot,PR,0.41,0.18869
MIMIC-IV internal OOF,patient_mean_5_repeats,model0_snapshot,PR,0.42,0.18514
MIMIC-IV internal OOF,patient_mean_5_repeats,model0_snapshot,PR,0.43,0.18646
MIMIC-IV internal OOF,patient_mean_5_repeats,model0_snapshot,PR,0.44,0.18769
MIMIC-IV internal OOF,patient_mean_5_repeats,model0_snapshot,PR,0.45,0.18732
MIMIC-IV internal OOF,patient_mean_5_repeats,model0_snapshot,PR,0.46,0.18948
MIMIC-IV internal OOF,patient_mean_5_repeats,model0_snapshot,PR,0.47,0.18564
MIMIC-IV internal OOF,patient_mean_5_repeats,model0_snapshot,PR,0.48,0.18207
MIMIC-IV internal OOF,patient_mean_5_repeats,model0_snapshot,PR,0.49,0.18
MIMIC-IV internal OOF,patient_mean_5_repeats,model0_snapshot,PR,0.5,0.17355
MIMIC-IV internal OOF,patient_mean_5_repeats,model0_snapshot,PR,0.51,0.17543
MIMIC-IV internal OOF,patient_mean_5_repeats,model0_snapshot,PR,0.52,0.17617
MIMIC-IV internal OOF,patient_mean_5_repeats,model0_snapshot,PR,0.53,0.17646
MIMIC-IV internal OOF,patient_mean_5_repeats,model0_snapshot,PR,0.54,0.17079
MIMIC-IV internal OOF,patient_mean_5_repeats,model0_snapshot,PR,0.55,0.17143
MIMIC-IV internal OOF,patient_mean_5_repeats,model0_snapshot,PR,0.56,0.16354
MIMIC-IV internal OOF,patient_mean_5_repeats,model0_snapshot,PR,0.57,0.15557
MIMIC-IV internal OOF,patient_mean_5_repeats,model0_snapshot,PR,0.58,0.14811
MIMIC-IV internal OOF,patient_mean_5_repeats,model0_snapshot,PR,0.59,0.14976
MIMIC-IV internal OOF,patient_mean_5_repeats,model0_snapshot,PR,0.6,0.15054
MIMIC-IV internal OOF,patient_mean_5_repeats,model0_snapshot,PR,0.61,0.14963
MIMIC-IV internal OOF,patient_mean_5_repeats,model0_snapshot,PR,0.62,0.14906
MIMIC-IV internal OOF,patient_mean_5_repeats,model0_snapshot,PR,0.63,0.14966
MIMIC-IV internal OOF,patient_mean_5_repeats,model0_snapshot,PR,0.64,0.14927
MIMIC-IV internal OOF,patient_mean_5_repeats,model0_snapshot,PR,0.65,0.14749
MIMIC-IV internal OOF,patient_mean_5_repeats,model0_snapshot,PR,0.66,0.14462
MIMIC-IV internal OOF,patient_mean_5_repeats,model0_snapshot,PR,0.67,0.14463
MIMIC-IV internal OOF,patient_mean_5_repeats,model0_snapshot,PR,0.68,0.14548
MIMIC-IV internal OOF,patient_mean_5_repeats,model0_snapshot,PR,0.69,0.14044
MIMIC-IV internal OOF,patient_mean_5_repeats,model0_snapshot,PR,0.7,0.13978
MIMIC-IV internal OOF,patient_mean_5_repeats,model0_snapshot,PR,0.71,0.13963
MIMIC-IV internal OOF,patient_mean_5_repeats,model0_snapshot,PR,0.72,0.14084
MIMIC-IV internal OOF,patient_mean_5_repeats,model0_snapshot,PR,0.73,0.13913
MIMIC-IV internal OOF,patient_mean_5_repeats,model0_snapshot,PR,0.74,0.13827
MIMIC-IV internal OOF,patient_mean_5_repeats,model0_snapshot,PR,0.75,0.13696
MIMIC-IV internal OOF,patient_mean_5_repeats,model0_snapshot,PR,0.76,0.13633
MIMIC-IV internal OOF,patient_mean_5_repeats,model0_snapshot,PR,0.77,0.13693
MIMIC-IV internal OOF,patient_mean_5_repeats,model0_snapshot,PR,0.78,0.1301
MIMIC-IV internal OOF,patient_mean_5_repeats,model0_snapshot,PR,0.79,0.13074
MIMIC-IV internal OOF,patient_mean_5_repeats,model0_snapshot,PR,0.8,0.12486
MIMIC-IV internal OOF,patient_mean_5_repeats,model0_snapshot,PR,0.81,0.1248
MIMIC-IV internal OOF,patient_mean_5_repeats,model0_snapshot,PR,0.82,0.12388
MIMIC-IV internal OOF,patient_mean_5_repeats,model0_snapshot,PR,0.83,0.12213
MIMIC-IV internal OOF,patient_mean_5_repeats,model0_snapshot,PR,0.84,0.12222
MIMIC-IV internal OOF,patient_mean_5_repeats,model0_snapshot,PR,0.85,0.1196
MIMIC-IV internal OOF,patient_mean_5_repeats,model0_snapshot,PR,0.86,0.11961
MIMIC-IV internal OOF,patient_mean_5_repeats,model0_snapshot,PR,0.87,0.1199
MIMIC-IV internal OOF,patient_mean_5_repeats,model0_snapshot,PR,0.88,0.11955
MIMIC-IV internal OOF,patient_mean_5_repeats,model0_snapshot,PR,0.89,0.11649
MIMIC-IV internal OOF,patient_mean_5_repeats,model0_snapshot,PR,0.9,0.11464
MIMIC-IV internal OOF,patient_mean_5_repeats,model0_snapshot,PR,0.91,0.11115
MIMIC-IV internal OOF,patient_mean_5_repeats,model0_snapshot,PR,0.92,0.11175
MIMIC-IV internal OOF,patient_mean_5_repeats,model0_snapshot,PR,0.93,0.11204
MIMIC-IV internal OOF,patient_mean_5_repeats,model0_snapshot,PR,0.94,0.11229
MIMIC-IV internal OOF,patient_mean_5_repeats,model0_snapshot,PR,0.95,0.11032
MIMIC-IV internal OOF,patient_mean_5_repeats,model0_snapshot,PR,0.96,0.1099
MIMIC-IV internal OOF,patient_mean_5_repeats,model0_snapshot,PR,0.97,0.10866
MIMIC-IV internal OOF,patient_mean_5_repeats,model0_snapshot,PR,0.98,0.10316
MIMIC-IV internal OOF,patient_mean_5_repeats,model0_snapshot,PR,0.99,0.10194
MIMIC-IV internal OOF,patient_mean_5_repeats,model0_snapshot,PR,1.0,0.10238
MIMIC-IV internal OOF,patient_mean_5_repeats,model1_elastic_net,ROC,0.0,0.0
MIMIC-IV internal OOF,patient_mean_5_repeats,model1_elastic_net,ROC,0.01,0.05339
MIMIC-IV internal OOF,patient_mean_5_repeats,model1_elastic_net,ROC,0.02,0.09952
MIMIC-IV internal OOF,patient_mean_5_repeats,model1_elastic_net,ROC,0.03,0.17294
MIMIC-IV internal OOF,patient_mean_5_repeats,model1_elastic_net,ROC,0.04,0.20524
MIMIC-IV internal OOF,patient_mean_5_repeats,model1_elastic_net,ROC,0.05,0.24357
MIMIC-IV internal OOF,patient_mean_5_repeats,model1_elastic_net,ROC,0.06,0.31611
MIMIC-IV internal OOF,patient_mean_5_repeats,model1_elastic_net,ROC,0.07,0.3441
MIMIC-IV internal OOF,patient_mean_5_repeats,model1_elastic_net,ROC,0.08,0.35232
MIMIC-IV internal OOF,patient_mean_5_repeats,model1_elastic_net,ROC,0.09,0.37614
MIMIC-IV internal OOF,patient_mean_5_repeats,model1_elastic_net,ROC,0.1,0.41677
MIMIC-IV internal OOF,patient_mean_5_repeats,model1_elastic_net,ROC,0.11,0.43726
MIMIC-IV internal OOF,patient_mean_5_repeats,model1_elastic_net,ROC,0.12,0.47714
MIMIC-IV internal OOF,patient_mean_5_repeats,model1_elastic_net,ROC,0.13,0.50631
MIMIC-IV internal OOF,patient_mean_5_repeats,model1_elastic_net,ROC,0.14,0.52542
MIMIC-IV internal OOF,patient_mean_5_repeats,model1_elastic_net,ROC,0.15,0.54405
MIMIC-IV internal OOF,patient_mean_5_repeats,model1_elastic_net,ROC,0.16,0.56052
MIMIC-IV internal OOF,patient_mean_5_repeats,model1_elastic_net,ROC,0.17,0.56668
MIMIC-IV internal OOF,patient_mean_5_repeats,model1_elastic_net,ROC,0.18,0.57241
MIMIC-IV internal OOF,patient_mean_5_repeats,model1_elastic_net,ROC,0.19,0.58143
MIMIC-IV internal OOF,patient_mean_5_repeats,model1_elastic_net,ROC,0.2,0.62533
MIMIC-IV internal OOF,patient_mean_5_repeats,model1_elastic_net,ROC,0.21,0.62908
MIMIC-IV internal OOF,patient_mean_5_repeats,model1_elastic_net,ROC,0.22,0.63711
MIMIC-IV internal OOF,patient_mean_5_repeats,model1_elastic_net,ROC,0.23,0.64101
MIMIC-IV internal OOF,patient_mean_5_repeats,model1_elastic_net,ROC,0.24,0.64475
MIMIC-IV internal OOF,patient_mean_5_repeats,model1_elastic_net,ROC,0.25,0.64835
MIMIC-IV internal OOF,patient_mean_5_repeats,model1_elastic_net,ROC,0.26,0.66514
MIMIC-IV internal OOF,patient_mean_5_repeats,model1_elastic_net,ROC,0.27,0.67394
MIMIC-IV internal OOF,patient_mean_5_repeats,model1_elastic_net,ROC,0.28,0.6839
MIMIC-IV internal OOF,patient_mean_5_repeats,model1_elastic_net,ROC,0.29,0.69408
MIMIC-IV internal OOF,patient_mean_5_repeats,model1_elastic_net,ROC,0.3,0.69834
MIMIC-IV internal OOF,patient_mean_5_repeats,model1_elastic_net,ROC,0.31,0.70118
MIMIC-IV internal OOF,patient_mean_5_repeats,model1_elastic_net,ROC,0.32,0.70727
MIMIC-IV internal OOF,patient_mean_5_repeats,model1_elastic_net,ROC,0.33,0.71918
MIMIC-IV internal OOF,patient_mean_5_repeats,model1_elastic_net,ROC,0.34,0.72692
MIMIC-IV internal OOF,patient_mean_5_repeats,model1_elastic_net,ROC,0.35,0.73919
MIMIC-IV internal OOF,patient_mean_5_repeats,model1_elastic_net,ROC,0.36,0.75163
MIMIC-IV internal OOF,patient_mean_5_repeats,model1_elastic_net,ROC,0.37,0.75929
MIMIC-IV internal OOF,patient_mean_5_repeats,model1_elastic_net,ROC,0.38,0.7641
MIMIC-IV internal OOF,patient_mean_5_repeats,model1_elastic_net,ROC,0.39,0.7751
MIMIC-IV internal OOF,patient_mean_5_repeats,model1_elastic_net,ROC,0.4,0.78851
MIMIC-IV internal OOF,patient_mean_5_repeats,model1_elastic_net,ROC,0.41,0.79254
MIMIC-IV internal OOF,patient_mean_5_repeats,model1_elastic_net,ROC,0.42,0.79644
MIMIC-IV internal OOF,patient_mean_5_repeats,model1_elastic_net,ROC,0.43,0.80726
MIMIC-IV internal OOF,patient_mean_5_repeats,model1_elastic_net,ROC,0.44,0.81788
MIMIC-IV internal OOF,patient_mean_5_repeats,model1_elastic_net,ROC,0.45,0.82517
MIMIC-IV internal OOF,patient_mean_5_repeats,model1_elastic_net,ROC,0.46,0.83259
MIMIC-IV internal OOF,patient_mean_5_repeats,model1_elastic_net,ROC,0.47,0.84021
MIMIC-IV internal OOF,patient_mean_5_repeats,model1_elastic_net,ROC,0.48,0.84234
MIMIC-IV internal OOF,patient_mean_5_repeats,model1_elastic_net,ROC,0.49,0.84446
MIMIC-IV internal OOF,patient_mean_5_repeats,model1_elastic_net,ROC,0.5,0.84837
MIMIC-IV internal OOF,patient_mean_5_repeats,model1_elastic_net,ROC,0.51,0.85267
MIMIC-IV internal OOF,patient_mean_5_repeats,model1_elastic_net,ROC,0.52,0.85614
MIMIC-IV internal OOF,patient_mean_5_repeats,model1_elastic_net,ROC,0.53,0.8596
MIMIC-IV internal OOF,patient_mean_5_repeats,model1_elastic_net,ROC,0.54,0.86307
MIMIC-IV internal OOF,patient_mean_5_repeats,model1_elastic_net,ROC,0.55,0.86619
MIMIC-IV internal OOF,patient_mean_5_repeats,model1_elastic_net,ROC,0.56,0.87062
MIMIC-IV internal OOF,patient_mean_5_repeats,model1_elastic_net,ROC,0.57,0.88105
MIMIC-IV internal OOF,patient_mean_5_repeats,model1_elastic_net,ROC,0.58,0.88249
MIMIC-IV internal OOF,patient_mean_5_repeats,model1_elastic_net,ROC,0.59,0.88393
MIMIC-IV internal OOF,patient_mean_5_repeats,model1_elastic_net,ROC,0.6,0.88537
MIMIC-IV internal OOF,patient_mean_5_repeats,model1_elastic_net,ROC,0.61,0.88681
MIMIC-IV internal OOF,patient_mean_5_repeats,model1_elastic_net,ROC,0.62,0.89372
MIMIC-IV internal OOF,patient_mean_5_repeats,model1_elastic_net,ROC,0.63,0.89489
MIMIC-IV internal OOF,patient_mean_5_repeats,model1_elastic_net,ROC,0.64,0.89606
MIMIC-IV internal OOF,patient_mean_5_repeats,model1_elastic_net,ROC,0.65,0.89723
MIMIC-IV internal OOF,patient_mean_5_repeats,model1_elastic_net,ROC,0.66,0.8984
MIMIC-IV internal OOF,patient_mean_5_repeats,model1_elastic_net,ROC,0.67,0.90202
MIMIC-IV internal OOF,patient_mean_5_repeats,model1_elastic_net,ROC,0.68,0.91466
MIMIC-IV internal OOF,patient_mean_5_repeats,model1_elastic_net,ROC,0.69,0.92044
MIMIC-IV internal OOF,patient_mean_5_repeats,model1_elastic_net,ROC,0.7,0.92556
MIMIC-IV internal OOF,patient_mean_5_repeats,model1_elastic_net,ROC,0.71,0.92947
MIMIC-IV internal OOF,patient_mean_5_repeats,model1_elastic_net,ROC,0.72,0.93146
MIMIC-IV internal OOF,patient_mean_5_repeats,model1_elastic_net,ROC,0.73,0.93345
MIMIC-IV internal OOF,patient_mean_5_repeats,model1_elastic_net,ROC,0.74,0.9352
MIMIC-IV internal OOF,patient_mean_5_repeats,model1_elastic_net,ROC,0.75,0.93666
MIMIC-IV internal OOF,patient_mean_5_repeats,model1_elastic_net,ROC,0.76,0.93812
MIMIC-IV internal OOF,patient_mean_5_repeats,model1_elastic_net,ROC,0.77,0.93959
MIMIC-IV internal OOF,patient_mean_5_repeats,model1_elastic_net,ROC,0.78,0.94251
MIMIC-IV internal OOF,patient_mean_5_repeats,model1_elastic_net,ROC,0.79,0.94821
MIMIC-IV internal OOF,patient_mean_5_repeats,model1_elastic_net,ROC,0.8,0.9554
MIMIC-IV internal OOF,patient_mean_5_repeats,model1_elastic_net,ROC,0.81,0.96025
MIMIC-IV internal OOF,patient_mean_5_repeats,model1_elastic_net,ROC,0.82,0.96347
MIMIC-IV internal OOF,patient_mean_5_repeats,model1_elastic_net,ROC,0.83,0.96613
MIMIC-IV internal OOF,patient_mean_5_repeats,model1_elastic_net,ROC,0.84,0.96859
MIMIC-IV internal OOF,patient_mean_5_repeats,model1_elastic_net,ROC,0.85,0.97153
MIMIC-IV internal OOF,patient_mean_5_repeats,model1_elastic_net,ROC,0.86,0.97543
MIMIC-IV internal OOF,patient_mean_5_repeats,model1_elastic_net,ROC,0.87,0.97933
MIMIC-IV internal OOF,patient_mean_5_repeats,model1_elastic_net,ROC,0.88,0.98246
MIMIC-IV internal OOF,patient_mean_5_repeats,model1_elastic_net,ROC,0.89,0.98362
MIMIC-IV internal OOF,patient_mean_5_repeats,model1_elastic_net,ROC,0.9,0.98477
MIMIC-IV internal OOF,patient_mean_5_repeats,model1_elastic_net,ROC,0.91,0.98593
MIMIC-IV internal OOF,patient_mean_5_repeats,model1_elastic_net,ROC,0.92,0.98708
MIMIC-IV internal OOF,patient_mean_5_repeats,model1_elastic_net,ROC,0.93,0.98926
MIMIC-IV internal OOF,patient_mean_5_repeats,model1_elastic_net,ROC,0.94,0.99862
MIMIC-IV internal OOF,patient_mean_5_repeats,model1_elastic_net,ROC,0.95,1.0
MIMIC-IV internal OOF,patient_mean_5_repeats,model1_elastic_net,ROC,0.96,1.0
MIMIC-IV internal OOF,patient_mean_5_repeats,model1_elastic_net,ROC,0.97,1.0
MIMIC-IV internal OOF,patient_mean_5_repeats,model1_elastic_net,ROC,0.98,1.0
MIMIC-IV internal OOF,patient_mean_5_repeats,model1_elastic_net,ROC,0.99,1.0
MIMIC-IV internal OOF,patient_mean_5_repeats,model1_elastic_net,ROC,1.0,1.0
MIMIC-IV internal OOF,patient_mean_5_repeats,model1_elastic_net,PR,0.0,1.0
MIMIC-IV internal OOF,patient_mean_5_repeats,model1_elastic_net,PR,0.01,0.432
MIMIC-IV internal OOF,patient_mean_5_repeats,model1_elastic_net,PR,0.02,0.5
MIMIC-IV internal OOF,patient_mean_5_repeats,model1_elastic_net,PR,0.03,0.55333
MIMIC-IV internal OOF,patient_mean_5_repeats,model1_elastic_net,PR,0.04,0.52769
MIMIC-IV internal OOF,patient_mean_5_repeats,model1_elastic_net,PR,0.05,0.464
MIMIC-IV internal OOF,patient_mean_5_repeats,model1_elastic_net,PR,0.06,0.35696
MIMIC-IV internal OOF,patient_mean_5_repeats,model1_elastic_net,PR,0.07,0.37016
MIMIC-IV internal OOF,patient_mean_5_repeats,model1_elastic_net,PR,0.08,0.37855
MIMIC-IV internal OOF,patient_mean_5_repeats,model1_elastic_net,PR,0.09,0.34698
MIMIC-IV internal OOF,patient_mean_5_repeats,model1_elastic_net,PR,0.1,0.34422
MIMIC-IV internal OOF,patient_mean_5_repeats,model1_elastic_net,PR,0.11,0.34582
MIMIC-IV internal OOF,patient_mean_5_repeats,model1_elastic_net,PR,0.12,0.34075
MIMIC-IV internal OOF,patient_mean_5_repeats,model1_elastic_net,PR,0.13,0.35895
MIMIC-IV internal OOF,patient_mean_5_repeats,model1_elastic_net,PR,0.14,0.37616
MIMIC-IV internal OOF,patient_mean_5_repeats,model1_elastic_net,PR,0.15,0.38416
MIMIC-IV internal OOF,patient_mean_5_repeats,model1_elastic_net,PR,0.16,0.38053
MIMIC-IV internal OOF,patient_mean_5_repeats,model1_elastic_net,PR,0.17,0.38245
MIMIC-IV internal OOF,patient_mean_5_repeats,model1_elastic_net,PR,0.18,0.37052
MIMIC-IV internal OOF,patient_mean_5_repeats,model1_elastic_net,PR,0.19,0.36305
MIMIC-IV internal OOF,patient_mean_5_repeats,model1_elastic_net,PR,0.2,0.36369
MIMIC-IV internal OOF,patient_mean_5_repeats,model1_elastic_net,PR,0.21,0.34737
MIMIC-IV internal OOF,patient_mean_5_repeats,model1_elastic_net,PR,0.22,0.35552
MIMIC-IV internal OOF,patient_mean_5_repeats,model1_elastic_net,PR,0.23,0.35191
MIMIC-IV internal OOF,patient_mean_5_repeats,model1_elastic_net,PR,0.24,0.34793
MIMIC-IV internal OOF,patient_mean_5_repeats,model1_elastic_net,PR,0.25,0.34426
MIMIC-IV internal OOF,patient_mean_5_repeats,model1_elastic_net,PR,0.26,0.35123
MIMIC-IV internal OOF,patient_mean_5_repeats,model1_elastic_net,PR,0.27,0.35694
MIMIC-IV internal OOF,patient_mean_5_repeats,model1_elastic_net,PR,0.28,0.35347
MIMIC-IV internal OOF,patient_mean_5_repeats,model1_elastic_net,PR,0.29,0.35897
MIMIC-IV internal OOF,patient_mean_5_repeats,model1_elastic_net,PR,0.3,0.35443
MIMIC-IV internal OOF,patient_mean_5_repeats,model1_elastic_net,PR,0.31,0.35651
MIMIC-IV internal OOF,patient_mean_5_repeats,model1_elastic_net,PR,0.32,0.35832
MIMIC-IV internal OOF,patient_mean_5_repeats,model1_elastic_net,PR,0.33,0.35694
MIMIC-IV internal OOF,patient_mean_5_repeats,model1_elastic_net,PR,0.34,0.34891
MIMIC-IV internal OOF,patient_mean_5_repeats,model1_elastic_net,PR,0.35,0.32516
MIMIC-IV internal OOF,patient_mean_5_repeats,model1_elastic_net,PR,0.36,0.31601
MIMIC-IV internal OOF,patient_mean_5_repeats,model1_elastic_net,PR,0.37,0.30723
MIMIC-IV internal OOF,patient_mean_5_repeats,model1_elastic_net,PR,0.38,0.30541
MIMIC-IV internal OOF,patient_mean_5_repeats,model1_elastic_net,PR,0.39,0.30676
MIMIC-IV internal OOF,patient_mean_5_repeats,model1_elastic_net,PR,0.4,0.3049
MIMIC-IV internal OOF,patient_mean_5_repeats,model1_elastic_net,PR,0.41,0.30904
MIMIC-IV internal OOF,patient_mean_5_repeats,model1_elastic_net,PR,0.42,0.30204
MIMIC-IV internal OOF,patient_mean_5_repeats,model1_elastic_net,PR,0.43,0.29705
MIMIC-IV internal OOF,patient_mean_5_repeats,model1_elastic_net,PR,0.44,0.29816
MIMIC-IV internal OOF,patient_mean_5_repeats,model1_elastic_net,PR,0.45,0.29262
MIMIC-IV internal OOF,patient_mean_5_repeats,model1_elastic_net,PR,0.46,0.2929
MIMIC-IV internal OOF,patient_mean_5_repeats,model1_elastic_net,PR,0.47,0.29577
MIMIC-IV internal OOF,patient_mean_5_repeats,model1_elastic_net,PR,0.48,0.29735
MIMIC-IV internal OOF,patient_mean_5_repeats,model1_elastic_net,PR,0.49,0.29865
MIMIC-IV internal OOF,patient_mean_5_repeats,model1_elastic_net,PR,0.5,0.29577
MIMIC-IV internal OOF,patient_mean_5_repeats,model1_elastic_net,PR,0.51,0.29169
MIMIC-IV internal OOF,patient_mean_5_repeats,model1_elastic_net,PR,0.52,0.28635
MIMIC-IV internal OOF,patient_mean_5_repeats,model1_elastic_net,PR,0.53,0.28174
MIMIC-IV internal OOF,patient_mean_5_repeats,model1_elastic_net,PR,0.54,0.28297
MIMIC-IV internal OOF,patient_mean_5_repeats,model1_elastic_net,PR,0.55,0.27516
MIMIC-IV internal OOF,patient_mean_5_repeats,model1_elastic_net,PR,0.56,0.2733
MIMIC-IV internal OOF,patient_mean_5_repeats,model1_elastic_net,PR,0.57,0.25755
MIMIC-IV internal OOF,patient_mean_5_repeats,model1_elastic_net,PR,0.58,0.24613
MIMIC-IV internal OOF,patient_mean_5_repeats,model1_elastic_net,PR,0.59,0.24581
MIMIC-IV internal OOF,patient_mean_5_repeats,model1_elastic_net,PR,0.6,0.24742
MIMIC-IV internal OOF,patient_mean_5_repeats,model1_elastic_net,PR,0.61,0.2479
MIMIC-IV internal OOF,patient_mean_5_repeats,model1_elastic_net,PR,0.62,0.24969
MIMIC-IV internal OOF,patient_mean_5_repeats,model1_elastic_net,PR,0.63,0.24073
MIMIC-IV internal OOF,patient_mean_5_repeats,model1_elastic_net,PR,0.64,0.23136
MIMIC-IV internal OOF,patient_mean_5_repeats,model1_elastic_net,PR,0.65,0.21649
MIMIC-IV internal OOF,patient_mean_5_repeats,model1_elastic_net,PR,0.66,0.21539
MIMIC-IV internal OOF,patient_mean_5_repeats,model1_elastic_net,PR,0.67,0.21269
MIMIC-IV internal OOF,patient_mean_5_repeats,model1_elastic_net,PR,0.68,0.20803
MIMIC-IV internal OOF,patient_mean_5_repeats,model1_elastic_net,PR,0.69,0.20577
MIMIC-IV internal OOF,patient_mean_5_repeats,model1_elastic_net,PR,0.7,0.19666
MIMIC-IV internal OOF,patient_mean_5_repeats,model1_elastic_net,PR,0.71,0.19039
MIMIC-IV internal OOF,patient_mean_5_repeats,model1_elastic_net,PR,0.72,0.1888
MIMIC-IV internal OOF,patient_mean_5_repeats,model1_elastic_net,PR,0.73,0.1849
MIMIC-IV internal OOF,patient_mean_5_repeats,model1_elastic_net,PR,0.74,0.18387
MIMIC-IV internal OOF,patient_mean_5_repeats,model1_elastic_net,PR,0.75,0.18261
MIMIC-IV internal OOF,patient_mean_5_repeats,model1_elastic_net,PR,0.76,0.17945
MIMIC-IV internal OOF,patient_mean_5_repeats,model1_elastic_net,PR,0.77,0.17479
MIMIC-IV internal OOF,patient_mean_5_repeats,model1_elastic_net,PR,0.78,0.17517
MIMIC-IV internal OOF,patient_mean_5_repeats,model1_elastic_net,PR,0.79,0.173
MIMIC-IV internal OOF,patient_mean_5_repeats,model1_elastic_net,PR,0.8,0.16762
MIMIC-IV internal OOF,patient_mean_5_repeats,model1_elastic_net,PR,0.81,0.16687
MIMIC-IV internal OOF,patient_mean_5_repeats,model1_elastic_net,PR,0.82,0.16476
MIMIC-IV internal OOF,patient_mean_5_repeats,model1_elastic_net,PR,0.83,0.1629
MIMIC-IV internal OOF,patient_mean_5_repeats,model1_elastic_net,PR,0.84,0.16069
MIMIC-IV internal OOF,patient_mean_5_repeats,model1_elastic_net,PR,0.85,0.1529
MIMIC-IV internal OOF,patient_mean_5_repeats,model1_elastic_net,PR,0.86,0.14543
MIMIC-IV internal OOF,patient_mean_5_repeats,model1_elastic_net,PR,0.87,0.14246
MIMIC-IV internal OOF,patient_mean_5_repeats,model1_elastic_net,PR,0.88,0.14201
MIMIC-IV internal OOF,patient_mean_5_repeats,model1_elastic_net,PR,0.89,0.13457
MIMIC-IV internal OOF,patient_mean_5_repeats,model1_elastic_net,PR,0.9,0.12621
MIMIC-IV internal OOF,patient_mean_5_repeats,model1_elastic_net,PR,0.91,0.12575
MIMIC-IV internal OOF,patient_mean_5_repeats,model1_elastic_net,PR,0.92,0.12488
MIMIC-IV internal OOF,patient_mean_5_repeats,model1_elastic_net,PR,0.93,0.12242
MIMIC-IV internal OOF,patient_mean_5_repeats,model1_elastic_net,PR,0.94,0.11505
MIMIC-IV internal OOF,patient_mean_5_repeats,model1_elastic_net,PR,0.95,0.11356
MIMIC-IV internal OOF,patient_mean_5_repeats,model1_elastic_net,PR,0.96,0.11252
MIMIC-IV internal OOF,patient_mean_5_repeats,model1_elastic_net,PR,0.97,0.10919
MIMIC-IV internal OOF,patient_mean_5_repeats,model1_elastic_net,PR,0.98,0.10726
MIMIC-IV internal OOF,patient_mean_5_repeats,model1_elastic_net,PR,0.99,0.10207
MIMIC-IV internal OOF,patient_mean_5_repeats,model1_elastic_net,PR,1.0,0.10194
MIMIC-IV internal OOF,patient_mean_5_repeats,model2_xgboost,ROC,0.0,0.0
MIMIC-IV internal OOF,patient_mean_5_repeats,model2_xgboost,ROC,0.01,0.055
MIMIC-IV internal OOF,patient_mean_5_repeats,model2_xgboost,ROC,0.02,0.11262
MIMIC-IV internal OOF,patient_mean_5_repeats,model2_xgboost,ROC,0.03,0.17185
MIMIC-IV internal OOF,patient_mean_5_repeats,model2_xgboost,ROC,0.04,0.2337
MIMIC-IV internal OOF,patient_mean_5_repeats,model2_xgboost,ROC,0.05,0.24821
MIMIC-IV internal OOF,patient_mean_5_repeats,model2_xgboost,ROC,0.06,0.28762
MIMIC-IV internal OOF,patient_mean_5_repeats,model2_xgboost,ROC,0.07,0.34238
MIMIC-IV internal OOF,patient_mean_5_repeats,model2_xgboost,ROC,0.08,0.36238
MIMIC-IV internal OOF,patient_mean_5_repeats,model2_xgboost,ROC,0.09,0.38018
MIMIC-IV internal OOF,patient_mean_5_repeats,model2_xgboost,ROC,0.1,0.41786
MIMIC-IV internal OOF,patient_mean_5_repeats,model2_xgboost,ROC,0.11,0.46976
MIMIC-IV internal OOF,patient_mean_5_repeats,model2_xgboost,ROC,0.12,0.49754
MIMIC-IV internal OOF,patient_mean_5_repeats,model2_xgboost,ROC,0.13,0.50905
MIMIC-IV internal OOF,patient_mean_5_repeats,model2_xgboost,ROC,0.14,0.52595
MIMIC-IV internal OOF,patient_mean_5_repeats,model2_xgboost,ROC,0.15,0.54249
MIMIC-IV internal OOF,patient_mean_5_repeats,model2_xgboost,ROC,0.16,0.553
MIMIC-IV internal OOF,patient_mean_5_repeats,model2_xgboost,ROC,0.17,0.56562
MIMIC-IV internal OOF,patient_mean_5_repeats,model2_xgboost,ROC,0.18,0.57914
MIMIC-IV internal OOF,patient_mean_5_repeats,model2_xgboost,ROC,0.19,0.58702
MIMIC-IV internal OOF,patient_mean_5_repeats,model2_xgboost,ROC,0.2,0.60368
MIMIC-IV internal OOF,patient_mean_5_repeats,model2_xgboost,ROC,0.21,0.6126
MIMIC-IV internal OOF,patient_mean_5_repeats,model2_xgboost,ROC,0.22,0.61694
MIMIC-IV internal OOF,patient_mean_5_repeats,model2_xgboost,ROC,0.23,0.62652
MIMIC-IV internal OOF,patient_mean_5_repeats,model2_xgboost,ROC,0.24,0.63474
MIMIC-IV internal OOF,patient_mean_5_repeats,model2_xgboost,ROC,0.25,0.64423
MIMIC-IV internal OOF,patient_mean_5_repeats,model2_xgboost,ROC,0.26,0.65677
MIMIC-IV internal OOF,patient_mean_5_repeats,model2_xgboost,ROC,0.27,0.66273
MIMIC-IV internal OOF,patient_mean_5_repeats,model2_xgboost,ROC,0.28,0.67308
MIMIC-IV internal OOF,patient_mean_5_repeats,model2_xgboost,ROC,0.29,0.67959
MIMIC-IV internal OOF,patient_mean_5_repeats,model2_xgboost,ROC,0.3,0.68943
MIMIC-IV internal OOF,patient_mean_5_repeats,model2_xgboost,ROC,0.31,0.6958
MIMIC-IV internal OOF,patient_mean_5_repeats,model2_xgboost,ROC,0.32,0.72205
MIMIC-IV internal OOF,patient_mean_5_repeats,model2_xgboost,ROC,0.33,0.73599
MIMIC-IV internal OOF,patient_mean_5_repeats,model2_xgboost,ROC,0.34,0.75205
MIMIC-IV internal OOF,patient_mean_5_repeats,model2_xgboost,ROC,0.35,0.7823
MIMIC-IV internal OOF,patient_mean_5_repeats,model2_xgboost,ROC,0.36,0.79633
MIMIC-IV internal OOF,patient_mean_5_repeats,model2_xgboost,ROC,0.37,0.80554
MIMIC-IV internal OOF,patient_mean_5_repeats,model2_xgboost,ROC,0.38,0.81284
MIMIC-IV internal OOF,patient_mean_5_repeats,model2_xgboost,ROC,0.39,0.81848
MIMIC-IV internal OOF,patient_mean_5_repeats,model2_xgboost,ROC,0.4,0.82808
MIMIC-IV internal OOF,patient_mean_5_repeats,model2_xgboost,ROC,0.41,0.83197
MIMIC-IV internal OOF,patient_mean_5_repeats,model2_xgboost,ROC,0.42,0.84194
MIMIC-IV internal OOF,patient_mean_5_repeats,model2_xgboost,ROC,0.43,0.84687
MIMIC-IV internal OOF,patient_mean_5_repeats,model2_xgboost,ROC,0.44,0.8501
MIMIC-IV internal OOF,patient_mean_5_repeats,model2_xgboost,ROC,0.45,0.86145
MIMIC-IV internal OOF,patient_mean_5_repeats,model2_xgboost,ROC,0.46,0.8676
MIMIC-IV internal OOF,patient_mean_5_repeats,model2_xgboost,ROC,0.47,0.87148
MIMIC-IV internal OOF,patient_mean_5_repeats,model2_xgboost,ROC,0.48,0.8747
MIMIC-IV internal OOF,patient_mean_5_repeats,model2_xgboost,ROC,0.49,0.88031
MIMIC-IV internal OOF,patient_mean_5_repeats,model2_xgboost,ROC,0.5,0.88276
MIMIC-IV internal OOF,patient_mean_5_repeats,model2_xgboost,ROC,0.51,0.8848
MIMIC-IV internal OOF,patient_mean_5_repeats,model2_xgboost,ROC,0.52,0.88683
MIMIC-IV internal OOF,patient_mean_5_repeats,model2_xgboost,ROC,0.53,0.88905
MIMIC-IV internal OOF,patient_mean_5_repeats,model2_xgboost,ROC,0.54,0.89128
MIMIC-IV internal OOF,patient_mean_5_repeats,model2_xgboost,ROC,0.55,0.8943
MIMIC-IV internal OOF,patient_mean_5_repeats,model2_xgboost,ROC,0.56,0.89906
MIMIC-IV internal OOF,patient_mean_5_repeats,model2_xgboost,ROC,0.57,0.90208
MIMIC-IV internal OOF,patient_mean_5_repeats,model2_xgboost,ROC,0.58,0.90534
MIMIC-IV internal OOF,patient_mean_5_repeats,model2_xgboost,ROC,0.59,0.91054
MIMIC-IV internal OOF,patient_mean_5_repeats,model2_xgboost,ROC,0.6,0.92164
MIMIC-IV internal OOF,patient_mean_5_repeats,model2_xgboost,ROC,0.61,0.92961
MIMIC-IV internal OOF,patient_mean_5_repeats,model2_xgboost,ROC,0.62,0.93099
MIMIC-IV internal OOF,patient_mean_5_repeats,model2_xgboost,ROC,0.63,0.93237
MIMIC-IV internal OOF,patient_mean_5_repeats,model2_xgboost,ROC,0.64,0.93374
MIMIC-IV internal OOF,patient_mean_5_repeats,model2_xgboost,ROC,0.65,0.93537
MIMIC-IV internal OOF,patient_mean_5_repeats,model2_xgboost,ROC,0.66,0.93732
MIMIC-IV internal OOF,patient_mean_5_repeats,model2_xgboost,ROC,0.67,0.93927
MIMIC-IV internal OOF,patient_mean_5_repeats,model2_xgboost,ROC,0.68,0.94141
MIMIC-IV internal OOF,patient_mean_5_repeats,model2_xgboost,ROC,0.69,0.94387
MIMIC-IV internal OOF,patient_mean_5_repeats,model2_xgboost,ROC,0.7,0.94633
MIMIC-IV internal OOF,patient_mean_5_repeats,model2_xgboost,ROC,0.71,0.95003
MIMIC-IV internal OOF,patient_mean_5_repeats,model2_xgboost,ROC,0.72,0.95259
MIMIC-IV internal OOF,patient_mean_5_repeats,model2_xgboost,ROC,0.73,0.95314
MIMIC-IV internal OOF,patient_mean_5_repeats,model2_xgboost,ROC,0.74,0.95369
MIMIC-IV internal OOF,patient_mean_5_repeats,model2_xgboost,ROC,0.75,0.95424
MIMIC-IV internal OOF,patient_mean_5_repeats,model2_xgboost,ROC,0.76,0.95479
MIMIC-IV internal OOF,patient_mean_5_repeats,model2_xgboost,ROC,0.77,0.95534
MIMIC-IV internal OOF,patient_mean_5_repeats,model2_xgboost,ROC,0.78,0.95589
MIMIC-IV internal OOF,patient_mean_5_repeats,model2_xgboost,ROC,0.79,0.95644
MIMIC-IV internal OOF,patient_mean_5_repeats,model2_xgboost,ROC,0.8,0.95699
MIMIC-IV internal OOF,patient_mean_5_repeats,model2_xgboost,ROC,0.81,0.95754
MIMIC-IV internal OOF,patient_mean_5_repeats,model2_xgboost,ROC,0.82,0.95809
MIMIC-IV internal OOF,patient_mean_5_repeats,model2_xgboost,ROC,0.83,0.95907
MIMIC-IV internal OOF,patient_mean_5_repeats,model2_xgboost,ROC,0.84,0.96039
MIMIC-IV internal OOF,patient_mean_5_repeats,model2_xgboost,ROC,0.85,0.9617
MIMIC-IV internal OOF,patient_mean_5_repeats,model2_xgboost,ROC,0.86,0.96302
MIMIC-IV internal OOF,patient_mean_5_repeats,model2_xgboost,ROC,0.87,0.9645
MIMIC-IV internal OOF,patient_mean_5_repeats,model2_xgboost,ROC,0.88,0.9697
MIMIC-IV internal OOF,patient_mean_5_repeats,model2_xgboost,ROC,0.89,0.97799
MIMIC-IV internal OOF,patient_mean_5_repeats,model2_xgboost,ROC,0.9,0.98111
MIMIC-IV internal OOF,patient_mean_5_repeats,model2_xgboost,ROC,0.91,0.98606
MIMIC-IV internal OOF,patient_mean_5_repeats,model2_xgboost,ROC,0.92,0.99364
MIMIC-IV internal OOF,patient_mean_5_repeats,model2_xgboost,ROC,0.93,0.99528
MIMIC-IV internal OOF,patient_mean_5_repeats,model2_xgboost,ROC,0.94,0.99658
MIMIC-IV internal OOF,patient_mean_5_repeats,model2_xgboost,ROC,0.95,0.99788
MIMIC-IV internal OOF,patient_mean_5_repeats,model2_xgboost,ROC,0.96,0.99918
MIMIC-IV internal OOF,patient_mean_5_repeats,model2_xgboost,ROC,0.97,1.0
MIMIC-IV internal OOF,patient_mean_5_repeats,model2_xgboost,ROC,0.98,1.0
MIMIC-IV internal OOF,patient_mean_5_repeats,model2_xgboost,ROC,0.99,1.0
MIMIC-IV internal OOF,patient_mean_5_repeats,model2_xgboost,ROC,1.0,1.0
MIMIC-IV internal OOF,patient_mean_5_repeats,model2_xgboost,PR,0.0,1.0
MIMIC-IV internal OOF,patient_mean_5_repeats,model2_xgboost,PR,0.01,0.38667
MIMIC-IV internal OOF,patient_mean_5_repeats,model2_xgboost,PR,0.02,0.29455
MIMIC-IV internal OOF,patient_mean_5_repeats,model2_xgboost,PR,0.03,0.29569
MIMIC-IV internal OOF,patient_mean_5_repeats,model2_xgboost,PR,0.04,0.33333
MIMIC-IV internal OOF,patient_mean_5_repeats,model2_xgboost,PR,0.05,0.36818
MIMIC-IV internal OOF,patient_mean_5_repeats,model2_xgboost,PR,0.06,0.3579
MIMIC-IV internal OOF,patient_mean_5_repeats,model2_xgboost,PR,0.07,0.373
MIMIC-IV internal OOF,patient_mean_5_repeats,model2_xgboost,PR,0.08,0.37855
MIMIC-IV internal OOF,patient_mean_5_repeats,model2_xgboost,PR,0.09,0.35061
MIMIC-IV internal OOF,patient_mean_5_repeats,model2_xgboost,PR,0.1,0.36209
MIMIC-IV internal OOF,patient_mean_5_repeats,model2_xgboost,PR,0.11,0.35891
MIMIC-IV internal OOF,patient_mean_5_repeats,model2_xgboost,PR,0.12,0.3792
MIMIC-IV internal OOF,patient_mean_5_repeats,model2_xgboost,PR,0.13,0.38643
MIMIC-IV internal OOF,patient_mean_5_repeats,model2_xgboost,PR,0.14,0.37598
MIMIC-IV internal OOF,patient_mean_5_repeats,model2_xgboost,PR,0.15,0.38064
MIMIC-IV internal OOF,patient_mean_5_repeats,model2_xgboost,PR,0.16,0.386
MIMIC-IV internal OOF,patient_mean_5_repeats,model2_xgboost,PR,0.17,0.37206
MIMIC-IV internal OOF,patient_mean_5_repeats,model2_xgboost,PR,0.18,0.37685
MIMIC-IV internal OOF,patient_mean_5_repeats,model2_xgboost,PR,0.19,0.38109
MIMIC-IV internal OOF,patient_mean_5_repeats,model2_xgboost,PR,0.2,0.38797
MIMIC-IV internal OOF,patient_mean_5_repeats,model2_xgboost,PR,0.21,0.39515
MIMIC-IV internal OOF,patient_mean_5_repeats,model2_xgboost,PR,0.22,0.40633
MIMIC-IV internal OOF,patient_mean_5_repeats,model2_xgboost,PR,0.23,0.39171
MIMIC-IV internal OOF,patient_mean_5_repeats,model2_xgboost,PR,0.24,0.36013
MIMIC-IV internal OOF,patient_mean_5_repeats,model2_xgboost,PR,0.25,0.34146
MIMIC-IV internal OOF,patient_mean_5_repeats,model2_xgboost,PR,0.26,0.3421
MIMIC-IV internal OOF,patient_mean_5_repeats,model2_xgboost,PR,0.27,0.34684
MIMIC-IV internal OOF,patient_mean_5_repeats,model2_xgboost,PR,0.28,0.34286
MIMIC-IV internal OOF,patient_mean_5_repeats,model2_xgboost,PR,0.29,0.33965
MIMIC-IV internal OOF,patient_mean_5_repeats,model2_xgboost,PR,0.3,0.34099
MIMIC-IV internal OOF,patient_mean_5_repeats,model2_xgboost,PR,0.31,0.34003
MIMIC-IV internal OOF,patient_mean_5_repeats,model2_xgboost,PR,0.32,0.33856
MIMIC-IV internal OOF,patient_mean_5_repeats,model2_xgboost,PR,0.33,0.34247
MIMIC-IV internal OOF,patient_mean_5_repeats,model2_xgboost,PR,0.34,0.34335
MIMIC-IV internal OOF,patient_mean_5_repeats,model2_xgboost,PR,0.35,0.34466
MIMIC-IV internal OOF,patient_mean_5_repeats,model2_xgboost,PR,0.36,0.32614
MIMIC-IV internal OOF,patient_mean_5_repeats,model2_xgboost,PR,0.37,0.3214
MIMIC-IV internal OOF,patient_mean_5_repeats,model2_xgboost,PR,0.38,0.31112
MIMIC-IV internal OOF,patient_mean_5_repeats,model2_xgboost,PR,0.39,0.30317
MIMIC-IV internal OOF,patient_mean_5_repeats,model2_xgboost,PR,0.4,0.30107
MIMIC-IV internal OOF,patient_mean_5_repeats,model2_xgboost,PR,0.41,0.3063
MIMIC-IV internal OOF,patient_mean_5_repeats,model2_xgboost,PR,0.42,0.30871
MIMIC-IV internal OOF,patient_mean_5_repeats,model2_xgboost,PR,0.43,0.30548
MIMIC-IV internal OOF,patient_mean_5_repeats,model2_xgboost,PR,0.44,0.3082
MIMIC-IV internal OOF,patient_mean_5_repeats,model2_xgboost,PR,0.45,0.31214
MIMIC-IV internal OOF,patient_mean_5_repeats,model2_xgboost,PR,0.46,0.31273
MIMIC-IV internal OOF,patient_mean_5_repeats,model2_xgboost,PR,0.47,0.31343
MIMIC-IV internal OOF,patient_mean_5_repeats,model2_xgboost,PR,0.48,0.30799
MIMIC-IV internal OOF,patient_mean_5_repeats,model2_xgboost,PR,0.49,0.3068
MIMIC-IV internal OOF,patient_mean_5_repeats,model2_xgboost,PR,0.5,0.30108
MIMIC-IV internal OOF,patient_mean_5_repeats,model2_xgboost,PR,0.51,0.29273
MIMIC-IV internal OOF,patient_mean_5_repeats,model2_xgboost,PR,0.52,0.28756
MIMIC-IV internal OOF,patient_mean_5_repeats,model2_xgboost,PR,0.53,0.28605
MIMIC-IV internal OOF,patient_mean_5_repeats,model2_xgboost,PR,0.54,0.28085
MIMIC-IV internal OOF,patient_mean_5_repeats,model2_xgboost,PR,0.55,0.26912
MIMIC-IV internal OOF,patient_mean_5_repeats,model2_xgboost,PR,0.56,0.26738
MIMIC-IV internal OOF,patient_mean_5_repeats,model2_xgboost,PR,0.57,0.25859
MIMIC-IV internal OOF,patient_mean_5_repeats,model2_xgboost,PR,0.58,0.25522
MIMIC-IV internal OOF,patient_mean_5_repeats,model2_xgboost,PR,0.59,0.24581
MIMIC-IV internal OOF,patient_mean_5_repeats,model2_xgboost,PR,0.6,0.24598
MIMIC-IV internal OOF,patient_mean_5_repeats,model2_xgboost,PR,0.61,0.23641
MIMIC-IV internal OOF,patient_mean_5_repeats,model2_xgboost,PR,0.62,0.22695
MIMIC-IV internal OOF,patient_mean_5_repeats,model2_xgboost,PR,0.63,0.22366
MIMIC-IV internal OOF,patient_mean_5_repeats,model2_xgboost,PR,0.64,0.2178
MIMIC-IV internal OOF,patient_mean_5_repeats,model2_xgboost,PR,0.65,0.21311
MIMIC-IV internal OOF,patient_mean_5_repeats,model2_xgboost,PR,0.66,0.21033
MIMIC-IV internal OOF,patient_mean_5_repeats,model2_xgboost,PR,0.67,0.2044
MIMIC-IV internal OOF,patient_mean_5_repeats,model2_xgboost,PR,0.68,0.20012
MIMIC-IV internal OOF,patient_mean_5_repeats,model2_xgboost,PR,0.69,0.19705
MIMIC-IV internal OOF,patient_mean_5_repeats,model2_xgboost,PR,0.7,0.19368
MIMIC-IV internal OOF,patient_mean_5_repeats,model2_xgboost,PR,0.71,0.19559
MIMIC-IV internal OOF,patient_mean_5_repeats,model2_xgboost,PR,0.72,0.1949
MIMIC-IV internal OOF,patient_mean_5_repeats,model2_xgboost,PR,0.73,0.19366
MIMIC-IV internal OOF,patient_mean_5_repeats,model2_xgboost,PR,0.74,0.19139
MIMIC-IV internal OOF,patient_mean_5_repeats,model2_xgboost,PR,0.75,0.19207
MIMIC-IV internal OOF,patient_mean_5_repeats,model2_xgboost,PR,0.76,0.18999
MIMIC-IV internal OOF,patient_mean_5_repeats,model2_xgboost,PR,0.77,0.19183
MIMIC-IV internal OOF,patient_mean_5_repeats,model2_xgboost,PR,0.78,0.19309
MIMIC-IV internal OOF,patient_mean_5_repeats,model2_xgboost,PR,0.79,0.19104
MIMIC-IV internal OOF,patient_mean_5_repeats,model2_xgboost,PR,0.8,0.18928
MIMIC-IV internal OOF,patient_mean_5_repeats,model2_xgboost,PR,0.81,0.18737
MIMIC-IV internal OOF,patient_mean_5_repeats,model2_xgboost,PR,0.82,0.18237
MIMIC-IV internal OOF,patient_mean_5_repeats,model2_xgboost,PR,0.83,0.17973
MIMIC-IV internal OOF,patient_mean_5_repeats,model2_xgboost,PR,0.84,0.17711
MIMIC-IV internal OOF,patient_mean_5_repeats,model2_xgboost,PR,0.85,0.17125
MIMIC-IV internal OOF,patient_mean_5_repeats,model2_xgboost,PR,0.86,0.17024
MIMIC-IV internal OOF,patient_mean_5_repeats,model2_xgboost,PR,0.87,0.16653
MIMIC-IV internal OOF,patient_mean_5_repeats,model2_xgboost,PR,0.88,0.16118
MIMIC-IV internal OOF,patient_mean_5_repeats,model2_xgboost,PR,0.89,0.15119
MIMIC-IV internal OOF,patient_mean_5_repeats,model2_xgboost,PR,0.9,0.14591
MIMIC-IV internal OOF,patient_mean_5_repeats,model2_xgboost,PR,0.91,0.14173
MIMIC-IV internal OOF,patient_mean_5_repeats,model2_xgboost,PR,0.92,0.1414
MIMIC-IV internal OOF,patient_mean_5_repeats,model2_xgboost,PR,0.93,0.13964
MIMIC-IV internal OOF,patient_mean_5_repeats,model2_xgboost,PR,0.94,0.12977
MIMIC-IV internal OOF,patient_mean_5_repeats,model2_xgboost,PR,0.95,0.12513
MIMIC-IV internal OOF,patient_mean_5_repeats,model2_xgboost,PR,0.96,0.10923
MIMIC-IV internal OOF,patient_mean_5_repeats,model2_xgboost,PR,0.97,0.10532
MIMIC-IV internal OOF,patient_mean_5_repeats,model2_xgboost,PR,0.98,0.10462
MIMIC-IV internal OOF,patient_mean_5_repeats,model2_xgboost,PR,0.99,0.10357
MIMIC-IV internal OOF,patient_mean_5_repeats,model2_xgboost,PR,1.0,0.09959
MIMIC-IV internal OOF,patient_mean_5_repeats,model3_grud,ROC,0.0,0.0
MIMIC-IV internal OOF,patient_mean_5_repeats,model3_grud,ROC,0.01,0.05897
MIMIC-IV internal OOF,patient_mean_5_repeats,model3_grud,ROC,0.02,0.15929
MIMIC-IV internal OOF,patient_mean_5_repeats,model3_grud,ROC,0.03,0.20333
MIMIC-IV internal OOF,patient_mean_5_repeats,model3_grud,ROC,0.04,0.25214
MIMIC-IV internal OOF,patient_mean_5_repeats,model3_grud,ROC,0.05,0.26397
MIMIC-IV internal OOF,patient_mean_5_repeats,model3_grud,ROC,0.06,0.2728
MIMIC-IV internal OOF,patient_mean_5_repeats,model3_grud,ROC,0.07,0.29768
MIMIC-IV internal OOF,patient_mean_5_repeats,model3_grud,ROC,0.08,0.3319
MIMIC-IV internal OOF,patient_mean_5_repeats,model3_grud,ROC,0.09,0.36456
MIMIC-IV internal OOF,patient_mean_5_repeats,model3_grud,ROC,0.1,0.3902
MIMIC-IV internal OOF,patient_mean_5_repeats,model3_grud,ROC,0.11,0.41659
MIMIC-IV internal OOF,patient_mean_5_repeats,model3_grud,ROC,0.12,0.43159
MIMIC-IV internal OOF,patient_mean_5_repeats,model3_grud,ROC,0.13,0.43926
MIMIC-IV internal OOF,patient_mean_5_repeats,model3_grud,ROC,0.14,0.46738
MIMIC-IV internal OOF,patient_mean_5_repeats,model3_grud,ROC,0.15,0.49048
MIMIC-IV internal OOF,patient_mean_5_repeats,model3_grud,ROC,0.16,0.50269
MIMIC-IV internal OOF,patient_mean_5_repeats,model3_grud,ROC,0.17,0.51149
MIMIC-IV internal OOF,patient_mean_5_repeats,model3_grud,ROC,0.18,0.53624
MIMIC-IV internal OOF,patient_mean_5_repeats,model3_grud,ROC,0.19,0.5405
MIMIC-IV internal OOF,patient_mean_5_repeats,model3_grud,ROC,0.2,0.55136
MIMIC-IV internal OOF,patient_mean_5_repeats,model3_grud,ROC,0.21,0.55729
MIMIC-IV internal OOF,patient_mean_5_repeats,model3_grud,ROC,0.22,0.58516
MIMIC-IV internal OOF,patient_mean_5_repeats,model3_grud,ROC,0.23,0.60487
MIMIC-IV internal OOF,patient_mean_5_repeats,model3_grud,ROC,0.24,0.6112
MIMIC-IV internal OOF,patient_mean_5_repeats,model3_grud,ROC,0.25,0.62089
MIMIC-IV internal OOF,patient_mean_5_repeats,model3_grud,ROC,0.26,0.62412
MIMIC-IV internal OOF,patient_mean_5_repeats,model3_grud,ROC,0.27,0.635
MIMIC-IV internal OOF,patient_mean_5_repeats,model3_grud,ROC,0.28,0.64652
MIMIC-IV internal OOF,patient_mean_5_repeats,model3_grud,ROC,0.29,0.65425
MIMIC-IV internal OOF,patient_mean_5_repeats,model3_grud,ROC,0.3,0.6744
MIMIC-IV internal OOF,patient_mean_5_repeats,model3_grud,ROC,0.31,0.69606
MIMIC-IV internal OOF,patient_mean_5_repeats,model3_grud,ROC,0.32,0.71323
MIMIC-IV internal OOF,patient_mean_5_repeats,model3_grud,ROC,0.33,0.7191
MIMIC-IV internal OOF,patient_mean_5_repeats,model3_grud,ROC,0.34,0.72437
MIMIC-IV internal OOF,patient_mean_5_repeats,model3_grud,ROC,0.35,0.74167
MIMIC-IV internal OOF,patient_mean_5_repeats,model3_grud,ROC,0.36,0.76257
MIMIC-IV internal OOF,patient_mean_5_repeats,model3_grud,ROC,0.37,0.76434
MIMIC-IV internal OOF,patient_mean_5_repeats,model3_grud,ROC,0.38,0.7661
MIMIC-IV internal OOF,patient_mean_5_repeats,model3_grud,ROC,0.39,0.7681
MIMIC-IV internal OOF,patient_mean_5_repeats,model3_grud,ROC,0.4,0.77568
MIMIC-IV internal OOF,patient_mean_5_repeats,model3_grud,ROC,0.41,0.7778
MIMIC-IV internal OOF,patient_mean_5_repeats,model3_grud,ROC,0.42,0.78124
MIMIC-IV internal OOF,patient_mean_5_repeats,model3_grud,ROC,0.43,0.78749
MIMIC-IV internal OOF,patient_mean_5_repeats,model3_grud,ROC,0.44,0.78983
MIMIC-IV internal OOF,patient_mean_5_repeats,model3_grud,ROC,0.45,0.79273
MIMIC-IV internal OOF,patient_mean_5_repeats,model3_grud,ROC,0.46,0.79765
MIMIC-IV internal OOF,patient_mean_5_repeats,model3_grud,ROC,0.47,0.80155
MIMIC-IV internal OOF,patient_mean_5_repeats,model3_grud,ROC,0.48,0.81405
MIMIC-IV internal OOF,patient_mean_5_repeats,model3_grud,ROC,0.49,0.81952
MIMIC-IV internal OOF,patient_mean_5_repeats,model3_grud,ROC,0.5,0.82555
MIMIC-IV internal OOF,patient_mean_5_repeats,model3_grud,ROC,0.51,0.8307
MIMIC-IV internal OOF,patient_mean_5_repeats,model3_grud,ROC,0.52,0.83573
MIMIC-IV internal OOF,patient_mean_5_repeats,model3_grud,ROC,0.53,0.84088
MIMIC-IV internal OOF,patient_mean_5_repeats,model3_grud,ROC,0.54,0.84495
MIMIC-IV internal OOF,patient_mean_5_repeats,model3_grud,ROC,0.55,0.85035
MIMIC-IV internal OOF,patient_mean_5_repeats,model3_grud,ROC,0.56,0.85221
MIMIC-IV internal OOF,patient_mean_5_repeats,model3_grud,ROC,0.57,0.85341
MIMIC-IV internal OOF,patient_mean_5_repeats,model3_grud,ROC,0.58,0.85461
MIMIC-IV internal OOF,patient_mean_5_repeats,model3_grud,ROC,0.59,0.85581
MIMIC-IV internal OOF,patient_mean_5_repeats,model3_grud,ROC,0.6,0.85701
MIMIC-IV internal OOF,patient_mean_5_repeats,model3_grud,ROC,0.61,0.8606
MIMIC-IV internal OOF,patient_mean_5_repeats,model3_grud,ROC,0.62,0.86507
MIMIC-IV internal OOF,patient_mean_5_repeats,model3_grud,ROC,0.63,0.86943
MIMIC-IV internal OOF,patient_mean_5_repeats,model3_grud,ROC,0.64,0.87081
MIMIC-IV internal OOF,patient_mean_5_repeats,model3_grud,ROC,0.65,0.87218
MIMIC-IV internal OOF,patient_mean_5_repeats,model3_grud,ROC,0.66,0.87356
MIMIC-IV internal OOF,patient_mean_5_repeats,model3_grud,ROC,0.67,0.87493
MIMIC-IV internal OOF,patient_mean_5_repeats,model3_grud,ROC,0.68,0.88355
MIMIC-IV internal OOF,patient_mean_5_repeats,model3_grud,ROC,0.69,0.88647
MIMIC-IV internal OOF,patient_mean_5_repeats,model3_grud,ROC,0.7,0.8908
MIMIC-IV internal OOF,patient_mean_5_repeats,model3_grud,ROC,0.71,0.89536
MIMIC-IV internal OOF,patient_mean_5_repeats,model3_grud,ROC,0.72,0.90207
MIMIC-IV internal OOF,patient_mean_5_repeats,model3_grud,ROC,0.73,0.90703
MIMIC-IV internal OOF,patient_mean_5_repeats,model3_grud,ROC,0.74,0.90986
MIMIC-IV internal OOF,patient_mean_5_repeats,model3_grud,ROC,0.75,0.91508
MIMIC-IV internal OOF,patient_mean_5_repeats,model3_grud,ROC,0.76,0.91907
MIMIC-IV internal OOF,patient_mean_5_repeats,model3_grud,ROC,0.77,0.9223
MIMIC-IV internal OOF,patient_mean_5_repeats,model3_grud,ROC,0.78,0.92543
MIMIC-IV internal OOF,patient_mean_5_repeats,model3_grud,ROC,0.79,0.92855
MIMIC-IV internal OOF,patient_mean_5_repeats,model3_grud,ROC,0.8,0.93095
MIMIC-IV internal OOF,patient_mean_5_repeats,model3_grud,ROC,0.81,0.93335
MIMIC-IV internal OOF,patient_mean_5_repeats,model3_grud,ROC,0.82,0.93561
MIMIC-IV internal OOF,patient_mean_5_repeats,model3_grud,ROC,0.83,0.93774
MIMIC-IV internal OOF,patient_mean_5_repeats,model3_grud,ROC,0.84,0.93986
MIMIC-IV internal OOF,patient_mean_5_repeats,model3_grud,ROC,0.85,0.94244
MIMIC-IV internal OOF,patient_mean_5_repeats,model3_grud,ROC,0.86,0.94519
MIMIC-IV internal OOF,patient_mean_5_repeats,model3_grud,ROC,0.87,0.94794
MIMIC-IV internal OOF,patient_mean_5_repeats,model3_grud,ROC,0.88,0.95069
MIMIC-IV internal OOF,patient_mean_5_repeats,model3_grud,ROC,0.89,0.95834
MIMIC-IV internal OOF,patient_mean_5_repeats,model3_grud,ROC,0.9,0.95983
MIMIC-IV internal OOF,patient_mean_5_repeats,model3_grud,ROC,0.91,0.96131
MIMIC-IV internal OOF,patient_mean_5_repeats,model3_grud,ROC,0.92,0.9628
MIMIC-IV internal OOF,patient_mean_5_repeats,model3_grud,ROC,0.93,0.96428
MIMIC-IV internal OOF,patient_mean_5_repeats,model3_grud,ROC,0.94,0.97012
MIMIC-IV internal OOF,patient_mean_5_repeats,model3_grud,ROC,0.95,0.98816
MIMIC-IV internal OOF,patient_mean_5_repeats,model3_grud,ROC,0.96,0.99084
MIMIC-IV internal OOF,patient_mean_5_repeats,model3_grud,ROC,0.97,0.99351
MIMIC-IV internal OOF,patient_mean_5_repeats,model3_grud,ROC,0.98,0.99612
MIMIC-IV internal OOF,patient_mean_5_repeats,model3_grud,ROC,0.99,0.99872
MIMIC-IV internal OOF,patient_mean_5_repeats,model3_grud,ROC,1.0,1.0
MIMIC-IV internal OOF,patient_mean_5_repeats,model3_grud,PR,0.0,1.0
MIMIC-IV internal OOF,patient_mean_5_repeats,model3_grud,PR,0.01,0.24762
MIMIC-IV internal OOF,patient_mean_5_repeats,model3_grud,PR,0.02,0.384
MIMIC-IV internal OOF,patient_mean_5_repeats,model3_grud,PR,0.03,0.41846
MIMIC-IV internal OOF,patient_mean_5_repeats,model3_grud,PR,0.04,0.46523
MIMIC-IV internal OOF,patient_mean_5_repeats,model3_grud,PR,0.05,0.4303
MIMIC-IV internal OOF,patient_mean_5_repeats,model3_grud,PR,0.06,0.38318
MIMIC-IV internal OOF,patient_mean_5_repeats,model3_grud,PR,0.07,0.38219
MIMIC-IV internal OOF,patient_mean_5_repeats,model3_grud,PR,0.08,0.40868
MIMIC-IV internal OOF,patient_mean_5_repeats,model3_grud,PR,0.09,0.41856
MIMIC-IV internal OOF,patient_mean_5_repeats,model3_grud,PR,0.1,0.42649
MIMIC-IV internal OOF,patient_mean_5_repeats,model3_grud,PR,0.11,0.42495
MIMIC-IV internal OOF,patient_mean_5_repeats,model3_grud,PR,0.12,0.44638
MIMIC-IV internal OOF,patient_mean_5_repeats,model3_grud,PR,0.13,0.45019
MIMIC-IV internal OOF,patient_mean_5_repeats,model3_grud,PR,0.14,0.45191
MIMIC-IV internal OOF,patient_mean_5_repeats,model3_grud,PR,0.15,0.4468
MIMIC-IV internal OOF,patient_mean_5_repeats,model3_grud,PR,0.16,0.4565
MIMIC-IV internal OOF,patient_mean_5_repeats,model3_grud,PR,0.17,0.47156
MIMIC-IV internal OOF,patient_mean_5_repeats,model3_grud,PR,0.18,0.46566
MIMIC-IV internal OOF,patient_mean_5_repeats,model3_grud,PR,0.19,0.46314
MIMIC-IV internal OOF,patient_mean_5_repeats,model3_grud,PR,0.2,0.41287
MIMIC-IV internal OOF,patient_mean_5_repeats,model3_grud,PR,0.21,0.41859
MIMIC-IV internal OOF,patient_mean_5_repeats,model3_grud,PR,0.22,0.40727
MIMIC-IV internal OOF,patient_mean_5_repeats,model3_grud,PR,0.23,0.40442
MIMIC-IV internal OOF,patient_mean_5_repeats,model3_grud,PR,0.24,0.40595
MIMIC-IV internal OOF,patient_mean_5_repeats,model3_grud,PR,0.25,0.41176
MIMIC-IV internal OOF,patient_mean_5_repeats,model3_grud,PR,0.26,0.38189
MIMIC-IV internal OOF,patient_mean_5_repeats,model3_grud,PR,0.27,0.32921
MIMIC-IV internal OOF,patient_mean_5_repeats,model3_grud,PR,0.28,0.31965
MIMIC-IV internal OOF,patient_mean_5_repeats,model3_grud,PR,0.29,0.31516
MIMIC-IV internal OOF,patient_mean_5_repeats,model3_grud,PR,0.3,0.31114
MIMIC-IV internal OOF,patient_mean_5_repeats,model3_grud,PR,0.31,0.3009
MIMIC-IV internal OOF,patient_mean_5_repeats,model3_grud,PR,0.32,0.30367
MIMIC-IV internal OOF,patient_mean_5_repeats,model3_grud,PR,0.33,0.30555
MIMIC-IV internal OOF,patient_mean_5_repeats,model3_grud,PR,0.34,0.31003
MIMIC-IV internal OOF,patient_mean_5_repeats,model3_grud,PR,0.35,0.31477
MIMIC-IV internal OOF,patient_mean_5_repeats,model3_grud,PR,0.36,0.30325
MIMIC-IV internal OOF,patient_mean_5_repeats,model3_grud,PR,0.37,0.29838
MIMIC-IV internal OOF,patient_mean_5_repeats,model3_grud,PR,0.38,0.30039
MIMIC-IV internal OOF,patient_mean_5_repeats,model3_grud,PR,0.39,0.29499
MIMIC-IV internal OOF,patient_mean_5_repeats,model3_grud,PR,0.4,0.28792
MIMIC-IV internal OOF,patient_mean_5_repeats,model3_grud,PR,0.41,0.29201
MIMIC-IV internal OOF,patient_mean_5_repeats,model3_grud,PR,0.42,0.28903
MIMIC-IV internal OOF,patient_mean_5_repeats,model3_grud,PR,0.43,0.28266
MIMIC-IV internal OOF,patient_mean_5_repeats,model3_grud,PR,0.44,0.26469
MIMIC-IV internal OOF,patient_mean_5_repeats,model3_grud,PR,0.45,0.26217
MIMIC-IV internal OOF,patient_mean_5_repeats,model3_grud,PR,0.46,0.263
MIMIC-IV internal OOF,patient_mean_5_repeats,model3_grud,PR,0.47,0.2625
MIMIC-IV internal OOF,patient_mean_5_repeats,model3_grud,PR,0.48,0.25838
MIMIC-IV internal OOF,patient_mean_5_repeats,model3_grud,PR,0.49,0.2589
MIMIC-IV internal OOF,patient_mean_5_repeats,model3_grud,PR,0.5,0.24633
MIMIC-IV internal OOF,patient_mean_5_repeats,model3_grud,PR,0.51,0.24473
MIMIC-IV internal OOF,patient_mean_5_repeats,model3_grud,PR,0.52,0.2417
MIMIC-IV internal OOF,patient_mean_5_repeats,model3_grud,PR,0.53,0.24251
MIMIC-IV internal OOF,patient_mean_5_repeats,model3_grud,PR,0.54,0.23422
MIMIC-IV internal OOF,patient_mean_5_repeats,model3_grud,PR,0.55,0.22805
MIMIC-IV internal OOF,patient_mean_5_repeats,model3_grud,PR,0.56,0.2177
MIMIC-IV internal OOF,patient_mean_5_repeats,model3_grud,PR,0.57,0.21911
MIMIC-IV internal OOF,patient_mean_5_repeats,model3_grud,PR,0.58,0.22129
MIMIC-IV internal OOF,patient_mean_5_repeats,model3_grud,PR,0.59,0.22052
MIMIC-IV internal OOF,patient_mean_5_repeats,model3_grud,PR,0.6,0.22096
MIMIC-IV internal OOF,patient_mean_5_repeats,model3_grud,PR,0.61,0.2153
MIMIC-IV internal OOF,patient_mean_5_repeats,model3_grud,PR,0.62,0.21145
MIMIC-IV internal OOF,patient_mean_5_repeats,model3_grud,PR,0.63,0.20203
MIMIC-IV internal OOF,patient_mean_5_repeats,model3_grud,PR,0.64,0.1998
MIMIC-IV internal OOF,patient_mean_5_repeats,model3_grud,PR,0.65,0.19649
MIMIC-IV internal OOF,patient_mean_5_repeats,model3_grud,PR,0.66,0.1914
MIMIC-IV internal OOF,patient_mean_5_repeats,model3_grud,PR,0.67,0.19288
MIMIC-IV internal OOF,patient_mean_5_repeats,model3_grud,PR,0.68,0.1943
MIMIC-IV internal OOF,patient_mean_5_repeats,model3_grud,PR,0.69,0.19553
MIMIC-IV internal OOF,patient_mean_5_repeats,model3_grud,PR,0.7,0.19304
MIMIC-IV internal OOF,patient_mean_5_repeats,model3_grud,PR,0.71,0.19353
MIMIC-IV internal OOF,patient_mean_5_repeats,model3_grud,PR,0.72,0.18833
MIMIC-IV internal OOF,patient_mean_5_repeats,model3_grud,PR,0.73,0.18349
MIMIC-IV internal OOF,patient_mean_5_repeats,model3_grud,PR,0.74,0.18446
MIMIC-IV internal OOF,patient_mean_5_repeats,model3_grud,PR,0.75,0.18529
MIMIC-IV internal OOF,patient_mean_5_repeats,model3_grud,PR,0.76,0.18619
MIMIC-IV internal OOF,patient_mean_5_repeats,model3_grud,PR,0.77,0.17409
MIMIC-IV internal OOF,patient_mean_5_repeats,model3_grud,PR,0.78,0.16582
MIMIC-IV internal OOF,patient_mean_5_repeats,model3_grud,PR,0.79,0.16084
MIMIC-IV internal OOF,patient_mean_5_repeats,model3_grud,PR,0.8,0.15504
MIMIC-IV internal OOF,patient_mean_5_repeats,model3_grud,PR,0.81,0.15349
MIMIC-IV internal OOF,patient_mean_5_repeats,model3_grud,PR,0.82,0.15144
MIMIC-IV internal OOF,patient_mean_5_repeats,model3_grud,PR,0.83,0.14856
MIMIC-IV internal OOF,patient_mean_5_repeats,model3_grud,PR,0.84,0.14536
MIMIC-IV internal OOF,patient_mean_5_repeats,model3_grud,PR,0.85,0.1419
MIMIC-IV internal OOF,patient_mean_5_repeats,model3_grud,PR,0.86,0.13124
MIMIC-IV internal OOF,patient_mean_5_repeats,model3_grud,PR,0.87,0.12792
MIMIC-IV internal OOF,patient_mean_5_repeats,model3_grud,PR,0.88,0.12293
MIMIC-IV internal OOF,patient_mean_5_repeats,model3_grud,PR,0.89,0.1189
MIMIC-IV internal OOF,patient_mean_5_repeats,model3_grud,PR,0.9,0.11807
MIMIC-IV internal OOF,patient_mean_5_repeats,model3_grud,PR,0.91,0.1161
MIMIC-IV internal OOF,patient_mean_5_repeats,model3_grud,PR,0.92,0.11418
MIMIC-IV internal OOF,patient_mean_5_repeats,model3_grud,PR,0.93,0.11101
MIMIC-IV internal OOF,patient_mean_5_repeats,model3_grud,PR,0.94,0.10675
MIMIC-IV internal OOF,patient_mean_5_repeats,model3_grud,PR,0.95,0.1028
MIMIC-IV internal OOF,patient_mean_5_repeats,model3_grud,PR,0.96,0.10224
MIMIC-IV internal OOF,patient_mean_5_repeats,model3_grud,PR,0.97,0.09935
MIMIC-IV internal OOF,patient_mean_5_repeats,model3_grud,PR,0.98,0.09941
MIMIC-IV internal OOF,patient_mean_5_repeats,model3_grud,PR,0.99,0.09957
MIMIC-IV internal OOF,patient_mean_5_repeats,model3_grud,PR,1.0,0.097
SICdb external,SICdb_hourly_median,model0_snapshot,ROC,0.0,0.01081
SICdb external,SICdb_hourly_median,model0_snapshot,ROC,0.01,0.09681
SICdb external,SICdb_hourly_median,model0_snapshot,ROC,0.02,0.11339
SICdb external,SICdb_hourly_median,model0_snapshot,ROC,0.03,0.17692
SICdb external,SICdb_hourly_median,model0_snapshot,ROC,0.04,0.23031
SICdb external,SICdb_hourly_median,model0_snapshot,ROC,0.05,0.24619
SICdb external,SICdb_hourly_median,model0_snapshot,ROC,0.06,0.25468
SICdb external,SICdb_hourly_median,model0_snapshot,ROC,0.07,0.28528
SICdb external,SICdb_hourly_median,model0_snapshot,ROC,0.08,0.31611
SICdb external,SICdb_hourly_median,model0_snapshot,ROC,0.09,0.35227
SICdb external,SICdb_hourly_median,model0_snapshot,ROC,0.1,0.36683
SICdb external,SICdb_hourly_median,model0_snapshot,ROC,0.11,0.38775
SICdb external,SICdb_hourly_median,model0_snapshot,ROC,0.12,0.40536
SICdb external,SICdb_hourly_median,model0_snapshot,ROC,0.13,0.43829
SICdb external,SICdb_hourly_median,model0_snapshot,ROC,0.14,0.45573
SICdb external,SICdb_hourly_median,model0_snapshot,ROC,0.15,0.46604
SICdb external,SICdb_hourly_median,model0_snapshot,ROC,0.16,0.48921
SICdb external,SICdb_hourly_median,model0_snapshot,ROC,0.17,0.49986
SICdb external,SICdb_hourly_median,model0_snapshot,ROC,0.18,0.5071
SICdb external,SICdb_hourly_median,model0_snapshot,ROC,0.19,0.52368
SICdb external,SICdb_hourly_median,model0_snapshot,ROC,0.2,0.54166
SICdb external,SICdb_hourly_median,model0_snapshot,ROC,0.21,0.54561
SICdb external,SICdb_hourly_median,model0_snapshot,ROC,0.22,0.55364
SICdb external,SICdb_hourly_median,model0_snapshot,ROC,0.23,0.57291
SICdb external,SICdb_hourly_median,model0_snapshot,ROC,0.24,0.5871
SICdb external,SICdb_hourly_median,model0_snapshot,ROC,0.25,0.60724
SICdb external,SICdb_hourly_median,model0_snapshot,ROC,0.26,0.62195
SICdb external,SICdb_hourly_median,model0_snapshot,ROC,0.27,0.6389
SICdb external,SICdb_hourly_median,model0_snapshot,ROC,0.28,0.65351
SICdb external,SICdb_hourly_median,model0_snapshot,ROC,0.29,0.67168
SICdb external,SICdb_hourly_median,model0_snapshot,ROC,0.3,0.68595
SICdb external,SICdb_hourly_median,model0_snapshot,ROC,0.31,0.69642
SICdb external,SICdb_hourly_median,model0_snapshot,ROC,0.32,0.70783
SICdb external,SICdb_hourly_median,model0_snapshot,ROC,0.33,0.72073
SICdb external,SICdb_hourly_median,model0_snapshot,ROC,0.34,0.73323
SICdb external,SICdb_hourly_median,model0_snapshot,ROC,0.35,0.74292
SICdb external,SICdb_hourly_median,model0_snapshot,ROC,0.36,0.74869
SICdb external,SICdb_hourly_median,model0_snapshot,ROC,0.37,0.75463
SICdb external,SICdb_hourly_median,model0_snapshot,ROC,0.38,0.7654
SICdb external,SICdb_hourly_median,model0_snapshot,ROC,0.39,0.77079
SICdb external,SICdb_hourly_median,model0_snapshot,ROC,0.4,0.77297
SICdb external,SICdb_hourly_median,model0_snapshot,ROC,0.41,0.77297
SICdb external,SICdb_hourly_median,model0_snapshot,ROC,0.42,0.77297
SICdb external,SICdb_hourly_median,model0_snapshot,ROC,0.43,0.77297
SICdb external,SICdb_hourly_median,model0_snapshot,ROC,0.44,0.77452
SICdb external,SICdb_hourly_median,model0_snapshot,ROC,0.45,0.77791
SICdb external,SICdb_hourly_median,model0_snapshot,ROC,0.46,0.79073
SICdb external,SICdb_hourly_median,model0_snapshot,ROC,0.47,0.79689
SICdb external,SICdb_hourly_median,model0_snapshot,ROC,0.48,0.80654
SICdb external,SICdb_hourly_median,model0_snapshot,ROC,0.49,0.82265
SICdb external,SICdb_hourly_median,model0_snapshot,ROC,0.5,0.82418
SICdb external,SICdb_hourly_median,model0_snapshot,ROC,0.51,0.82572
SICdb external,SICdb_hourly_median,model0_snapshot,ROC,0.52,0.82882
SICdb external,SICdb_hourly_median,model0_snapshot,ROC,0.53,0.83845
SICdb external,SICdb_hourly_median,model0_snapshot,ROC,0.54,0.83955
SICdb external,SICdb_hourly_median,model0_snapshot,ROC,0.55,0.84064
SICdb external,SICdb_hourly_median,model0_snapshot,ROC,0.56,0.84174
SICdb external,SICdb_hourly_median,model0_snapshot,ROC,0.57,0.84284
SICdb external,SICdb_hourly_median,model0_snapshot,ROC,0.58,0.84424
SICdb external,SICdb_hourly_median,model0_snapshot,ROC,0.59,0.84582
SICdb external,SICdb_hourly_median,model0_snapshot,ROC,0.6,0.84739
SICdb external,SICdb_hourly_median,model0_snapshot,ROC,0.61,0.85039
SICdb external,SICdb_hourly_median,model0_snapshot,ROC,0.62,0.85664
SICdb external,SICdb_hourly_median,model0_snapshot,ROC,0.63,0.86446
SICdb external,SICdb_hourly_median,model0_snapshot,ROC,0.64,0.87139
SICdb external,SICdb_hourly_median,model0_snapshot,ROC,0.65,0.87477
SICdb external,SICdb_hourly_median,model0_snapshot,ROC,0.66,0.88564
SICdb external,SICdb_hourly_median,model0_snapshot,ROC,0.67,0.89524
SICdb external,SICdb_hourly_median,model0_snapshot,ROC,0.68,0.89787
SICdb external,SICdb_hourly_median,model0_snapshot,ROC,0.69,0.89903
SICdb external,SICdb_hourly_median,model0_snapshot,ROC,0.7,0.9002
SICdb external,SICdb_hourly_median,model0_snapshot,ROC,0.71,0.90136
SICdb external,SICdb_hourly_median,model0_snapshot,ROC,0.72,0.90252
SICdb external,SICdb_hourly_median,model0_snapshot,ROC,0.73,0.90572
SICdb external,SICdb_hourly_median,model0_snapshot,ROC,0.74,0.91909
SICdb external,SICdb_hourly_median,model0_snapshot,ROC,0.75,0.92071
SICdb external,SICdb_hourly_median,model0_snapshot,ROC,0.76,0.92234
SICdb external,SICdb_hourly_median,model0_snapshot,ROC,0.77,0.92396
SICdb external,SICdb_hourly_median,model0_snapshot,ROC,0.78,0.92628
SICdb external,SICdb_hourly_median,model0_snapshot,ROC,0.79,0.9288
SICdb external,SICdb_hourly_median,model0_snapshot,ROC,0.8,0.93284
SICdb external,SICdb_hourly_median,model0_snapshot,ROC,0.81,0.94145
SICdb external,SICdb_hourly_median,model0_snapshot,ROC,0.82,0.94493
SICdb external,SICdb_hourly_median,model0_snapshot,ROC,0.83,0.95278
SICdb external,SICdb_hourly_median,model0_snapshot,ROC,0.84,0.96824
SICdb external,SICdb_hourly_median,model0_snapshot,ROC,0.85,0.96965
SICdb external,SICdb_hourly_median,model0_snapshot,ROC,0.86,0.97106
SICdb external,SICdb_hourly_median,model0_snapshot,ROC,0.87,0.97247
SICdb external,SICdb_hourly_median,model0_snapshot,ROC,0.88,0.97858
SICdb external,SICdb_hourly_median,model0_snapshot,ROC,0.89,0.98005
SICdb external,SICdb_hourly_median,model0_snapshot,ROC,0.9,0.98151
SICdb external,SICdb_hourly_median,model0_snapshot,ROC,0.91,0.98297
SICdb external,SICdb_hourly_median,model0_snapshot,ROC,0.92,0.98469
SICdb external,SICdb_hourly_median,model0_snapshot,ROC,0.93,0.98673
SICdb external,SICdb_hourly_median,model0_snapshot,ROC,0.94,0.98877
SICdb external,SICdb_hourly_median,model0_snapshot,ROC,0.95,0.99533
SICdb external,SICdb_hourly_median,model0_snapshot,ROC,0.96,0.99638
SICdb external,SICdb_hourly_median,model0_snapshot,ROC,0.97,0.99743
SICdb external,SICdb_hourly_median,model0_snapshot,ROC,0.98,0.99848
SICdb external,SICdb_hourly_median,model0_snapshot,ROC,0.99,0.99953
SICdb external,SICdb_hourly_median,model0_snapshot,ROC,1.0,1.0
SICdb external,SICdb_hourly_median,model0_snapshot,PR,0.0,1.0
SICdb external,SICdb_hourly_median,model0_snapshot,PR,0.01,1.0
SICdb external,SICdb_hourly_median,model0_snapshot,PR,0.02,0.69167
SICdb external,SICdb_hourly_median,model0_snapshot,PR,0.03,0.58
SICdb external,SICdb_hourly_median,model0_snapshot,PR,0.04,0.56333
SICdb external,SICdb_hourly_median,model0_snapshot,PR,0.05,0.56893
SICdb external,SICdb_hourly_median,model0_snapshot,PR,0.06,0.58105
SICdb external,SICdb_hourly_median,model0_snapshot,PR,0.07,0.56696
SICdb external,SICdb_hourly_median,model0_snapshot,PR,0.08,0.43941
SICdb external,SICdb_hourly_median,model0_snapshot,PR,0.09,0.44214
SICdb external,SICdb_hourly_median,model0_snapshot,PR,0.1,0.44091
SICdb external,SICdb_hourly_median,model0_snapshot,PR,0.11,0.34522
SICdb external,SICdb_hourly_median,model0_snapshot,PR,0.12,0.31532
SICdb external,SICdb_hourly_median,model0_snapshot,PR,0.13,0.32413
SICdb external,SICdb_hourly_median,model0_snapshot,PR,0.14,0.32825
SICdb external,SICdb_hourly_median,model0_snapshot,PR,0.15,0.33943
SICdb external,SICdb_hourly_median,model0_snapshot,PR,0.16,0.35152
SICdb external,SICdb_hourly_median,model0_snapshot,PR,0.17,0.33378
SICdb external,SICdb_hourly_median,model0_snapshot,PR,0.18,0.33333
SICdb external,SICdb_hourly_median,model0_snapshot,PR,0.19,0.32887
SICdb external,SICdb_hourly_median,model0_snapshot,PR,0.2,0.32174
SICdb external,SICdb_hourly_median,model0_snapshot,PR,0.21,0.33007
SICdb external,SICdb_hourly_median,model0_snapshot,PR,0.22,0.33609
SICdb external,SICdb_hourly_median,model0_snapshot,PR,0.23,0.32782
SICdb external,SICdb_hourly_median,model0_snapshot,PR,0.24,0.30624
SICdb external,SICdb_hourly_median,model0_snapshot,PR,0.25,0.2803
SICdb external,SICdb_hourly_median,model0_snapshot,PR,0.26,0.26199
SICdb external,SICdb_hourly_median,model0_snapshot,PR,0.27,0.25166
SICdb external,SICdb_hourly_median,model0_snapshot,PR,0.28,0.25146
SICdb external,SICdb_hourly_median,model0_snapshot,PR,0.29,0.25713
SICdb external,SICdb_hourly_median,model0_snapshot,PR,0.3,0.25284
SICdb external,SICdb_hourly_median,model0_snapshot,PR,0.31,0.25297
SICdb external,SICdb_hourly_median,model0_snapshot,PR,0.32,0.24565
SICdb external,SICdb_hourly_median,model0_snapshot,PR,0.33,0.24812
SICdb external,SICdb_hourly_median,model0_snapshot,PR,0.34,0.2519
SICdb external,SICdb_hourly_median,model0_snapshot,PR,0.35,0.24977
SICdb external,SICdb_hourly_median,model0_snapshot,PR,0.36,0.24486
SICdb external,SICdb_hourly_median,model0_snapshot,PR,0.37,0.23396
SICdb external,SICdb_hourly_median,model0_snapshot,PR,0.38,0.23464
SICdb external,SICdb_hourly_median,model0_snapshot,PR,0.39,0.22739
SICdb external,SICdb_hourly_median,model0_snapshot,PR,0.4,0.2263
SICdb external,SICdb_hourly_median,model0_snapshot,PR,0.41,0.21945
SICdb external,SICdb_hourly_median,model0_snapshot,PR,0.42,0.22049
SICdb external,SICdb_hourly_median,model0_snapshot,PR,0.43,0.22146
SICdb external,SICdb_hourly_median,model0_snapshot,PR,0.44,0.22038
SICdb external,SICdb_hourly_median,model0_snapshot,PR,0.45,0.21779
SICdb external,SICdb_hourly_median,model0_snapshot,PR,0.46,0.20781
SICdb external,SICdb_hourly_median,model0_snapshot,PR,0.47,0.20811
SICdb external,SICdb_hourly_median,model0_snapshot,PR,0.48,0.20642
SICdb external,SICdb_hourly_median,model0_snapshot,PR,0.49,0.20449
SICdb external,SICdb_hourly_median,model0_snapshot,PR,0.5,0.19879
SICdb external,SICdb_hourly_median,model0_snapshot,PR,0.51,0.19028
SICdb external,SICdb_hourly_median,model0_snapshot,PR,0.52,0.18922
SICdb external,SICdb_hourly_median,model0_snapshot,PR,0.53,0.18982
SICdb external,SICdb_hourly_median,model0_snapshot,PR,0.54,0.18796
SICdb external,SICdb_hourly_median,model0_snapshot,PR,0.55,0.17836
SICdb external,SICdb_hourly_median,model0_snapshot,PR,0.56,0.17232
SICdb external,SICdb_hourly_median,model0_snapshot,PR,0.57,0.17397
SICdb external,SICdb_hourly_median,model0_snapshot,PR,0.58,0.17034
SICdb external,SICdb_hourly_median,model0_snapshot,PR,0.59,0.17077
SICdb external,SICdb_hourly_median,model0_snapshot,PR,0.6,0.17025
SICdb external,SICdb_hourly_median,model0_snapshot,PR,0.61,0.16901
SICdb external,SICdb_hourly_median,model0_snapshot,PR,0.62,0.16791
SICdb external,SICdb_hourly_median,model0_snapshot,PR,0.63,0.16706
SICdb external,SICdb_hourly_median,model0_snapshot,PR,0.64,0.16639
SICdb external,SICdb_hourly_median,model0_snapshot,PR,0.65,0.1661
SICdb external,SICdb_hourly_median,model0_snapshot,PR,0.66,0.16343
SICdb external,SICdb_hourly_median,model0_snapshot,PR,0.67,0.16404
SICdb external,SICdb_hourly_median,model0_snapshot,PR,0.68,0.1622
SICdb external,SICdb_hourly_median,model0_snapshot,PR,0.69,0.16088
SICdb external,SICdb_hourly_median,model0_snapshot,PR,0.7,0.15938
SICdb external,SICdb_hourly_median,model0_snapshot,PR,0.71,0.15696
SICdb external,SICdb_hourly_median,model0_snapshot,PR,0.72,0.15617
SICdb external,SICdb_hourly_median,model0_snapshot,PR,0.73,0.15378
SICdb external,SICdb_hourly_median,model0_snapshot,PR,0.74,0.15257
SICdb external,SICdb_hourly_median,model0_snapshot,PR,0.75,0.14842
SICdb external,SICdb_hourly_median,model0_snapshot,PR,0.76,0.1464
SICdb external,SICdb_hourly_median,model0_snapshot,PR,0.77,0.14345
SICdb external,SICdb_hourly_median,model0_snapshot,PR,0.78,0.12699
SICdb external,SICdb_hourly_median,model0_snapshot,PR,0.79,0.1269
SICdb external,SICdb_hourly_median,model0_snapshot,PR,0.8,0.12427
SICdb external,SICdb_hourly_median,model0_snapshot,PR,0.81,0.12419
SICdb external,SICdb_hourly_median,model0_snapshot,PR,0.82,0.1253
SICdb external,SICdb_hourly_median,model0_snapshot,PR,0.83,0.11857
SICdb external,SICdb_hourly_median,model0_snapshot,PR,0.84,0.11548
SICdb external,SICdb_hourly_median,model0_snapshot,PR,0.85,0.10534
SICdb external,SICdb_hourly_median,model0_snapshot,PR,0.86,0.10385
SICdb external,SICdb_hourly_median,model0_snapshot,PR,0.87,0.10349
SICdb external,SICdb_hourly_median,model0_snapshot,PR,0.88,0.10165
SICdb external,SICdb_hourly_median,model0_snapshot,PR,0.89,0.10204
SICdb external,SICdb_hourly_median,model0_snapshot,PR,0.9,0.09822
SICdb external,SICdb_hourly_median,model0_snapshot,PR,0.91,0.09436
SICdb external,SICdb_hourly_median,model0_snapshot,PR,0.92,0.09438
SICdb external,SICdb_hourly_median,model0_snapshot,PR,0.93,0.08997
SICdb external,SICdb_hourly_median,model0_snapshot,PR,0.94,0.08953
SICdb external,SICdb_hourly_median,model0_snapshot,PR,0.95,0.08832
SICdb external,SICdb_hourly_median,model0_snapshot,PR,0.96,0.08882
SICdb external,SICdb_hourly_median,model0_snapshot,PR,0.97,0.08769
SICdb external,SICdb_hourly_median,model0_snapshot,PR,0.98,0.08512
SICdb external,SICdb_hourly_median,model0_snapshot,PR,0.99,0.08149
SICdb external,SICdb_hourly_median,model0_snapshot,PR,1.0,0.07826
SICdb external,SICdb_hourly_median,model1_elastic_net,ROC,0.0,0.0
SICdb external,SICdb_hourly_median,model1_elastic_net,ROC,0.01,0.12089
SICdb external,SICdb_hourly_median,model1_elastic_net,ROC,0.02,0.17106
SICdb external,SICdb_hourly_median,model1_elastic_net,ROC,0.03,0.22796
SICdb external,SICdb_hourly_median,model1_elastic_net,ROC,0.04,0.26659
SICdb external,SICdb_hourly_median,model1_elastic_net,ROC,0.05,0.3033
SICdb external,SICdb_hourly_median,model1_elastic_net,ROC,0.06,0.32996
SICdb external,SICdb_hourly_median,model1_elastic_net,ROC,0.07,0.34079
SICdb external,SICdb_hourly_median,model1_elastic_net,ROC,0.08,0.36231
SICdb external,SICdb_hourly_median,model1_elastic_net,ROC,0.09,0.3897
SICdb external,SICdb_hourly_median,model1_elastic_net,ROC,0.1,0.43527
SICdb external,SICdb_hourly_median,model1_elastic_net,ROC,0.11,0.46703
SICdb external,SICdb_hourly_median,model1_elastic_net,ROC,0.12,0.49365
SICdb external,SICdb_hourly_median,model1_elastic_net,ROC,0.13,0.53279
SICdb external,SICdb_hourly_median,model1_elastic_net,ROC,0.14,0.55333
SICdb external,SICdb_hourly_median,model1_elastic_net,ROC,0.15,0.5752
SICdb external,SICdb_hourly_median,model1_elastic_net,ROC,0.16,0.60065
SICdb external,SICdb_hourly_median,model1_elastic_net,ROC,0.17,0.60855
SICdb external,SICdb_hourly_median,model1_elastic_net,ROC,0.18,0.62716
SICdb external,SICdb_hourly_median,model1_elastic_net,ROC,0.19,0.64473
SICdb external,SICdb_hourly_median,model1_elastic_net,ROC,0.2,0.65759
SICdb external,SICdb_hourly_median,model1_elastic_net,ROC,0.21,0.66412
SICdb external,SICdb_hourly_median,model1_elastic_net,ROC,0.22,0.68649
SICdb external,SICdb_hourly_median,model1_elastic_net,ROC,0.23,0.68961
SICdb external,SICdb_hourly_median,model1_elastic_net,ROC,0.24,0.69375
SICdb external,SICdb_hourly_median,model1_elastic_net,ROC,0.25,0.70375
SICdb external,SICdb_hourly_median,model1_elastic_net,ROC,0.26,0.73097
SICdb external,SICdb_hourly_median,model1_elastic_net,ROC,0.27,0.7444
SICdb external,SICdb_hourly_median,model1_elastic_net,ROC,0.28,0.74779
SICdb external,SICdb_hourly_median,model1_elastic_net,ROC,0.29,0.74976
SICdb external,SICdb_hourly_median,model1_elastic_net,ROC,0.3,0.75215
SICdb external,SICdb_hourly_median,model1_elastic_net,ROC,0.31,0.75624
SICdb external,SICdb_hourly_median,model1_elastic_net,ROC,0.32,0.75948
SICdb external,SICdb_hourly_median,model1_elastic_net,ROC,0.33,0.76291
SICdb external,SICdb_hourly_median,model1_elastic_net,ROC,0.34,0.77333
SICdb external,SICdb_hourly_median,model1_elastic_net,ROC,0.35,0.77742
SICdb external,SICdb_hourly_median,model1_elastic_net,ROC,0.36,0.78636
SICdb external,SICdb_hourly_median,model1_elastic_net,ROC,0.37,0.79597
SICdb external,SICdb_hourly_median,model1_elastic_net,ROC,0.38,0.79854
SICdb external,SICdb_hourly_median,model1_elastic_net,ROC,0.39,0.8019
SICdb external,SICdb_hourly_median,model1_elastic_net,ROC,0.4,0.80578
SICdb external,SICdb_hourly_median,model1_elastic_net,ROC,0.41,0.80766
SICdb external,SICdb_hourly_median,model1_elastic_net,ROC,0.42,0.80954
SICdb external,SICdb_hourly_median,model1_elastic_net,ROC,0.43,0.81123
SICdb external,SICdb_hourly_median,model1_elastic_net,ROC,0.44,0.81252
SICdb external,SICdb_hourly_median,model1_elastic_net,ROC,0.45,0.8138
SICdb external,SICdb_hourly_median,model1_elastic_net,ROC,0.46,0.81509
SICdb external,SICdb_hourly_median,model1_elastic_net,ROC,0.47,0.81996
SICdb external,SICdb_hourly_median,model1_elastic_net,ROC,0.48,0.82592
SICdb external,SICdb_hourly_median,model1_elastic_net,ROC,0.49,0.8332
SICdb external,SICdb_hourly_median,model1_elastic_net,ROC,0.5,0.83477
SICdb external,SICdb_hourly_median,model1_elastic_net,ROC,0.51,0.83635
SICdb external,SICdb_hourly_median,model1_elastic_net,ROC,0.52,0.83886
SICdb external,SICdb_hourly_median,model1_elastic_net,ROC,0.53,0.8527
SICdb external,SICdb_hourly_median,model1_elastic_net,ROC,0.54,0.86725
SICdb external,SICdb_hourly_median,model1_elastic_net,ROC,0.55,0.87061
SICdb external,SICdb_hourly_median,model1_elastic_net,ROC,0.56,0.87142
SICdb external,SICdb_hourly_median,model1_elastic_net,ROC,0.57,0.87223
SICdb external,SICdb_hourly_median,model1_elastic_net,ROC,0.58,0.87304
SICdb external,SICdb_hourly_median,model1_elastic_net,ROC,0.59,0.87385
SICdb external,SICdb_hourly_median,model1_elastic_net,ROC,0.6,0.87466
SICdb external,SICdb_hourly_median,model1_elastic_net,ROC,0.61,0.87547
SICdb external,SICdb_hourly_median,model1_elastic_net,ROC,0.62,0.87845
SICdb external,SICdb_hourly_median,model1_elastic_net,ROC,0.63,0.88536
SICdb external,SICdb_hourly_median,model1_elastic_net,ROC,0.64,0.89472
SICdb external,SICdb_hourly_median,model1_elastic_net,ROC,0.65,0.89925
SICdb external,SICdb_hourly_median,model1_elastic_net,ROC,0.66,0.90409
SICdb external,SICdb_hourly_median,model1_elastic_net,ROC,0.67,0.90685
SICdb external,SICdb_hourly_median,model1_elastic_net,ROC,0.68,0.91068
SICdb external,SICdb_hourly_median,model1_elastic_net,ROC,0.69,0.91483
SICdb external,SICdb_hourly_median,model1_elastic_net,ROC,0.7,0.91812
SICdb external,SICdb_hourly_median,model1_elastic_net,ROC,0.71,0.9248
SICdb external,SICdb_hourly_median,model1_elastic_net,ROC,0.72,0.93372
SICdb external,SICdb_hourly_median,model1_elastic_net,ROC,0.73,0.93702
SICdb external,SICdb_hourly_median,model1_elastic_net,ROC,0.74,0.93954
SICdb external,SICdb_hourly_median,model1_elastic_net,ROC,0.75,0.94365
SICdb external,SICdb_hourly_median,model1_elastic_net,ROC,0.76,0.94652
SICdb external,SICdb_hourly_median,model1_elastic_net,ROC,0.77,0.94755
SICdb external,SICdb_hourly_median,model1_elastic_net,ROC,0.78,0.94858
SICdb external,SICdb_hourly_median,model1_elastic_net,ROC,0.79,0.94961
SICdb external,SICdb_hourly_median,model1_elastic_net,ROC,0.8,0.95064
SICdb external,SICdb_hourly_median,model1_elastic_net,ROC,0.81,0.95682
SICdb external,SICdb_hourly_median,model1_elastic_net,ROC,0.82,0.95876
SICdb external,SICdb_hourly_median,model1_elastic_net,ROC,0.83,0.9607
SICdb external,SICdb_hourly_median,model1_elastic_net,ROC,0.84,0.96305
SICdb external,SICdb_hourly_median,model1_elastic_net,ROC,0.85,0.96664
SICdb external,SICdb_hourly_median,model1_elastic_net,ROC,0.86,0.97245
SICdb external,SICdb_hourly_median,model1_elastic_net,ROC,0.87,0.97928
SICdb external,SICdb_hourly_median,model1_elastic_net,ROC,0.88,0.98458
SICdb external,SICdb_hourly_median,model1_elastic_net,ROC,0.89,0.98616
SICdb external,SICdb_hourly_median,model1_elastic_net,ROC,0.9,0.98774
SICdb external,SICdb_hourly_median,model1_elastic_net,ROC,0.91,0.99082
SICdb external,SICdb_hourly_median,model1_elastic_net,ROC,0.92,1.0
SICdb external,SICdb_hourly_median,model1_elastic_net,ROC,0.93,1.0
SICdb external,SICdb_hourly_median,model1_elastic_net,ROC,0.94,1.0
SICdb external,SICdb_hourly_median,model1_elastic_net,ROC,0.95,1.0
SICdb external,SICdb_hourly_median,model1_elastic_net,ROC,0.96,1.0
SICdb external,SICdb_hourly_median,model1_elastic_net,ROC,0.97,1.0
SICdb external,SICdb_hourly_median,model1_elastic_net,ROC,0.98,1.0
SICdb external,SICdb_hourly_median,model1_elastic_net,ROC,0.99,1.0
SICdb external,SICdb_hourly_median,model1_elastic_net,ROC,1.0,1.0
SICdb external,SICdb_hourly_median,model1_elastic_net,PR,0.0,1.0
SICdb external,SICdb_hourly_median,model1_elastic_net,PR,0.01,0.64167
SICdb external,SICdb_hourly_median,model1_elastic_net,PR,0.02,0.53
SICdb external,SICdb_hourly_median,model1_elastic_net,PR,0.03,0.47955
SICdb external,SICdb_hourly_median,model1_elastic_net,PR,0.04,0.53641
SICdb external,SICdb_hourly_median,model1_elastic_net,PR,0.05,0.56893
SICdb external,SICdb_hourly_median,model1_elastic_net,PR,0.06,0.61
SICdb external,SICdb_hourly_median,model1_elastic_net,PR,0.07,0.6181
SICdb external,SICdb_hourly_median,model1_elastic_net,PR,0.08,0.64901
SICdb external,SICdb_hourly_median,model1_elastic_net,PR,0.09,0.649
SICdb external,SICdb_hourly_median,model1_elastic_net,PR,0.1,0.6168
SICdb external,SICdb_hourly_median,model1_elastic_net,PR,0.11,0.54957
SICdb external,SICdb_hourly_median,model1_elastic_net,PR,0.12,0.50318
SICdb external,SICdb_hourly_median,model1_elastic_net,PR,0.13,0.47832
SICdb external,SICdb_hourly_median,model1_elastic_net,PR,0.14,0.44809
SICdb external,SICdb_hourly_median,model1_elastic_net,PR,0.15,0.45676
SICdb external,SICdb_hourly_median,model1_elastic_net,PR,0.16,0.45575
SICdb external,SICdb_hourly_median,model1_elastic_net,PR,0.17,0.42938
SICdb external,SICdb_hourly_median,model1_elastic_net,PR,0.18,0.39091
SICdb external,SICdb_hourly_median,model1_elastic_net,PR,0.19,0.39233
SICdb external,SICdb_hourly_median,model1_elastic_net,PR,0.2,0.39362
SICdb external,SICdb_hourly_median,model1_elastic_net,PR,0.21,0.40113
SICdb external,SICdb_hourly_median,model1_elastic_net,PR,0.22,0.40382
SICdb external,SICdb_hourly_median,model1_elastic_net,PR,0.23,0.38044
SICdb external,SICdb_hourly_median,model1_elastic_net,PR,0.24,0.3598
SICdb external,SICdb_hourly_median,model1_elastic_net,PR,0.25,0.36
SICdb external,SICdb_hourly_median,model1_elastic_net,PR,0.26,0.35603
SICdb external,SICdb_hourly_median,model1_elastic_net,PR,0.27,0.35974
SICdb external,SICdb_hourly_median,model1_elastic_net,PR,0.28,0.33972
SICdb external,SICdb_hourly_median,model1_elastic_net,PR,0.29,0.34106
SICdb external,SICdb_hourly_median,model1_elastic_net,PR,0.3,0.34265
SICdb external,SICdb_hourly_median,model1_elastic_net,PR,0.31,0.33201
SICdb external,SICdb_hourly_median,model1_elastic_net,PR,0.32,0.31796
SICdb external,SICdb_hourly_median,model1_elastic_net,PR,0.33,0.31702
SICdb external,SICdb_hourly_median,model1_elastic_net,PR,0.34,0.29289
SICdb external,SICdb_hourly_median,model1_elastic_net,PR,0.35,0.27856
SICdb external,SICdb_hourly_median,model1_elastic_net,PR,0.36,0.27704
SICdb external,SICdb_hourly_median,model1_elastic_net,PR,0.37,0.26864
SICdb external,SICdb_hourly_median,model1_elastic_net,PR,0.38,0.26801
SICdb external,SICdb_hourly_median,model1_elastic_net,PR,0.39,0.26777
SICdb external,SICdb_hourly_median,model1_elastic_net,PR,0.4,0.26429
SICdb external,SICdb_hourly_median,model1_elastic_net,PR,0.41,0.26722
SICdb external,SICdb_hourly_median,model1_elastic_net,PR,0.42,0.2684
SICdb external,SICdb_hourly_median,model1_elastic_net,PR,0.43,0.26825
SICdb external,SICdb_hourly_median,model1_elastic_net,PR,0.44,0.26708
SICdb external,SICdb_hourly_median,model1_elastic_net,PR,0.45,0.26534
SICdb external,SICdb_hourly_median,model1_elastic_net,PR,0.46,0.2666
SICdb external,SICdb_hourly_median,model1_elastic_net,PR,0.47,0.25865
SICdb external,SICdb_hourly_median,model1_elastic_net,PR,0.48,0.25755
SICdb external,SICdb_hourly_median,model1_elastic_net,PR,0.49,0.25878
SICdb external,SICdb_hourly_median,model1_elastic_net,PR,0.5,0.25552
SICdb external,SICdb_hourly_median,model1_elastic_net,PR,0.51,0.25614
SICdb external,SICdb_hourly_median,model1_elastic_net,PR,0.52,0.2582
SICdb external,SICdb_hourly_median,model1_elastic_net,PR,0.53,0.25782
SICdb external,SICdb_hourly_median,model1_elastic_net,PR,0.54,0.2535
SICdb external,SICdb_hourly_median,model1_elastic_net,PR,0.55,0.25203
SICdb external,SICdb_hourly_median,model1_elastic_net,PR,0.56,0.24515
SICdb external,SICdb_hourly_median,model1_elastic_net,PR,0.57,0.24509
SICdb external,SICdb_hourly_median,model1_elastic_net,PR,0.58,0.24398
SICdb external,SICdb_hourly_median,model1_elastic_net,PR,0.59,0.24093
SICdb external,SICdb_hourly_median,model1_elastic_net,PR,0.6,0.2413
SICdb external,SICdb_hourly_median,model1_elastic_net,PR,0.61,0.23027
SICdb external,SICdb_hourly_median,model1_elastic_net,PR,0.62,0.2269
SICdb external,SICdb_hourly_median,model1_elastic_net,PR,0.63,0.22469
SICdb external,SICdb_hourly_median,model1_elastic_net,PR,0.64,0.22281
SICdb external,SICdb_hourly_median,model1_elastic_net,PR,0.65,0.21994
SICdb external,SICdb_hourly_median,model1_elastic_net,PR,0.66,0.21567
SICdb external,SICdb_hourly_median,model1_elastic_net,PR,0.67,0.21084
SICdb external,SICdb_hourly_median,model1_elastic_net,PR,0.68,0.20802
SICdb external,SICdb_hourly_median,model1_elastic_net,PR,0.69,0.20138
SICdb external,SICdb_hourly_median,model1_elastic_net,PR,0.7,0.19174
SICdb external,SICdb_hourly_median,model1_elastic_net,PR,0.71,0.19128
SICdb external,SICdb_hourly_median,model1_elastic_net,PR,0.72,0.19215
SICdb external,SICdb_hourly_median,model1_elastic_net,PR,0.73,0.19242
SICdb external,SICdb_hourly_median,model1_elastic_net,PR,0.74,0.18901
SICdb external,SICdb_hourly_median,model1_elastic_net,PR,0.75,0.17882
SICdb external,SICdb_hourly_median,model1_elastic_net,PR,0.76,0.16638
SICdb external,SICdb_hourly_median,model1_elastic_net,PR,0.77,0.16098
SICdb external,SICdb_hourly_median,model1_elastic_net,PR,0.78,0.15687
SICdb external,SICdb_hourly_median,model1_elastic_net,PR,0.79,0.15533
SICdb external,SICdb_hourly_median,model1_elastic_net,PR,0.8,0.14904
SICdb external,SICdb_hourly_median,model1_elastic_net,PR,0.81,0.1394
SICdb external,SICdb_hourly_median,model1_elastic_net,PR,0.82,0.1284
SICdb external,SICdb_hourly_median,model1_elastic_net,PR,0.83,0.1265
SICdb external,SICdb_hourly_median,model1_elastic_net,PR,0.84,0.11989
SICdb external,SICdb_hourly_median,model1_elastic_net,PR,0.85,0.11995
SICdb external,SICdb_hourly_median,model1_elastic_net,PR,0.86,0.11984
SICdb external,SICdb_hourly_median,model1_elastic_net,PR,0.87,0.11871
SICdb external,SICdb_hourly_median,model1_elastic_net,PR,0.88,0.10638
SICdb external,SICdb_hourly_median,model1_elastic_net,PR,0.89,0.10632
SICdb external,SICdb_hourly_median,model1_elastic_net,PR,0.9,0.10452
SICdb external,SICdb_hourly_median,model1_elastic_net,PR,0.91,0.10172
SICdb external,SICdb_hourly_median,model1_elastic_net,PR,0.92,0.09939
SICdb external,SICdb_hourly_median,model1_elastic_net,PR,0.93,0.09916
SICdb external,SICdb_hourly_median,model1_elastic_net,PR,0.94,0.09666
SICdb external,SICdb_hourly_median,model1_elastic_net,PR,0.95,0.09183
SICdb external,SICdb_hourly_median,model1_elastic_net,PR,0.96,0.08934
SICdb external,SICdb_hourly_median,model1_elastic_net,PR,0.97,0.0873
SICdb external,SICdb_hourly_median,model1_elastic_net,PR,0.98,0.08678
SICdb external,SICdb_hourly_median,model1_elastic_net,PR,0.99,0.08417
SICdb external,SICdb_hourly_median,model1_elastic_net,PR,1.0,0.08417
SICdb external,SICdb_hourly_median,model2_xgboost,ROC,0.0,0.0
SICdb external,SICdb_hourly_median,model2_xgboost,ROC,0.01,0.09239
SICdb external,SICdb_hourly_median,model2_xgboost,ROC,0.02,0.14742
SICdb external,SICdb_hourly_median,model2_xgboost,ROC,0.03,0.1889
SICdb external,SICdb_hourly_median,model2_xgboost,ROC,0.04,0.21795
SICdb external,SICdb_hourly_median,model2_xgboost,ROC,0.05,0.24104
SICdb external,SICdb_hourly_median,model2_xgboost,ROC,0.06,0.27781
SICdb external,SICdb_hourly_median,model2_xgboost,ROC,0.07,0.3204
SICdb external,SICdb_hourly_median,model2_xgboost,ROC,0.08,0.34746
SICdb external,SICdb_hourly_median,model2_xgboost,ROC,0.09,0.35964
SICdb external,SICdb_hourly_median,model2_xgboost,ROC,0.1,0.37892
SICdb external,SICdb_hourly_median,model2_xgboost,ROC,0.11,0.40099
SICdb external,SICdb_hourly_median,model2_xgboost,ROC,0.12,0.41078
SICdb external,SICdb_hourly_median,model2_xgboost,ROC,0.13,0.4317
SICdb external,SICdb_hourly_median,model2_xgboost,ROC,0.14,0.45393
SICdb external,SICdb_hourly_median,model2_xgboost,ROC,0.15,0.47685
SICdb external,SICdb_hourly_median,model2_xgboost,ROC,0.16,0.51984
SICdb external,SICdb_hourly_median,model2_xgboost,ROC,0.17,0.54658
SICdb external,SICdb_hourly_median,model2_xgboost,ROC,0.18,0.56085
SICdb external,SICdb_hourly_median,model2_xgboost,ROC,0.19,0.58386
SICdb external,SICdb_hourly_median,model2_xgboost,ROC,0.2,0.58987
SICdb external,SICdb_hourly_median,model2_xgboost,ROC,0.21,0.60171
SICdb external,SICdb_hourly_median,model2_xgboost,ROC,0.22,0.62163
SICdb external,SICdb_hourly_median,model2_xgboost,ROC,0.23,0.63131
SICdb external,SICdb_hourly_median,model2_xgboost,ROC,0.24,0.63541
SICdb external,SICdb_hourly_median,model2_xgboost,ROC,0.25,0.63887
SICdb external,SICdb_hourly_median,model2_xgboost,ROC,0.26,0.64282
SICdb external,SICdb_hourly_median,model2_xgboost,ROC,0.27,0.651
SICdb external,SICdb_hourly_median,model2_xgboost,ROC,0.28,0.66316
SICdb external,SICdb_hourly_median,model2_xgboost,ROC,0.29,0.68875
SICdb external,SICdb_hourly_median,model2_xgboost,ROC,0.3,0.69431
SICdb external,SICdb_hourly_median,model2_xgboost,ROC,0.31,0.70254
SICdb external,SICdb_hourly_median,model2_xgboost,ROC,0.32,0.71175
SICdb external,SICdb_hourly_median,model2_xgboost,ROC,0.33,0.72306
SICdb external,SICdb_hourly_median,model2_xgboost,ROC,0.34,0.74113
SICdb external,SICdb_hourly_median,model2_xgboost,ROC,0.35,0.74552
SICdb external,SICdb_hourly_median,model2_xgboost,ROC,0.36,0.76876
SICdb external,SICdb_hourly_median,model2_xgboost,ROC,0.37,0.77463
SICdb external,SICdb_hourly_median,model2_xgboost,ROC,0.38,0.77696
SICdb external,SICdb_hourly_median,model2_xgboost,ROC,0.39,0.79018
SICdb external,SICdb_hourly_median,model2_xgboost,ROC,0.4,0.79413
SICdb external,SICdb_hourly_median,model2_xgboost,ROC,0.41,0.79653
SICdb external,SICdb_hourly_median,model2_xgboost,ROC,0.42,0.79872
SICdb external,SICdb_hourly_median,model2_xgboost,ROC,0.43,0.80115
SICdb external,SICdb_hourly_median,model2_xgboost,ROC,0.44,0.8039
SICdb external,SICdb_hourly_median,model2_xgboost,ROC,0.45,0.80709
SICdb external,SICdb_hourly_median,model2_xgboost,ROC,0.46,0.81079
SICdb external,SICdb_hourly_median,model2_xgboost,ROC,0.47,0.81262
SICdb external,SICdb_hourly_median,model2_xgboost,ROC,0.48,0.81444
SICdb external,SICdb_hourly_median,model2_xgboost,ROC,0.49,0.81675
SICdb external,SICdb_hourly_median,model2_xgboost,ROC,0.5,0.82632
SICdb external,SICdb_hourly_median,model2_xgboost,ROC,0.51,0.83122
SICdb external,SICdb_hourly_median,model2_xgboost,ROC,0.52,0.8413
SICdb external,SICdb_hourly_median,model2_xgboost,ROC,0.53,0.84865
SICdb external,SICdb_hourly_median,model2_xgboost,ROC,0.54,0.84865
SICdb external,SICdb_hourly_median,model2_xgboost,ROC,0.55,0.85122
SICdb external,SICdb_hourly_median,model2_xgboost,ROC,0.56,0.85502
SICdb external,SICdb_hourly_median,model2_xgboost,ROC,0.57,0.86018
SICdb external,SICdb_hourly_median,model2_xgboost,ROC,0.58,0.8614
SICdb external,SICdb_hourly_median,model2_xgboost,ROC,0.59,0.86262
SICdb external,SICdb_hourly_median,model2_xgboost,ROC,0.6,0.86384
SICdb external,SICdb_hourly_median,model2_xgboost,ROC,0.61,0.86724
SICdb external,SICdb_hourly_median,model2_xgboost,ROC,0.62,0.87232
SICdb external,SICdb_hourly_median,model2_xgboost,ROC,0.63,0.87489
SICdb external,SICdb_hourly_median,model2_xgboost,ROC,0.64,0.87759
SICdb external,SICdb_hourly_median,model2_xgboost,ROC,0.65,0.88035
SICdb external,SICdb_hourly_median,model2_xgboost,ROC,0.66,0.88388
SICdb external,SICdb_hourly_median,model2_xgboost,ROC,0.67,0.88963
SICdb external,SICdb_hourly_median,model2_xgboost,ROC,0.68,0.89586
SICdb external,SICdb_hourly_median,model2_xgboost,ROC,0.69,0.89867
SICdb external,SICdb_hourly_median,model2_xgboost,ROC,0.7,0.90058
SICdb external,SICdb_hourly_median,model2_xgboost,ROC,0.71,0.90249
SICdb external,SICdb_hourly_median,model2_xgboost,ROC,0.72,0.90521
SICdb external,SICdb_hourly_median,model2_xgboost,ROC,0.73,0.90803
SICdb external,SICdb_hourly_median,model2_xgboost,ROC,0.74,0.92434
SICdb external,SICdb_hourly_median,model2_xgboost,ROC,0.75,0.92554
SICdb external,SICdb_hourly_median,model2_xgboost,ROC,0.76,0.92674
SICdb external,SICdb_hourly_median,model2_xgboost,ROC,0.77,0.92793
SICdb external,SICdb_hourly_median,model2_xgboost,ROC,0.78,0.92913
SICdb external,SICdb_hourly_median,model2_xgboost,ROC,0.79,0.94082
SICdb external,SICdb_hourly_median,model2_xgboost,ROC,0.8,0.94943
SICdb external,SICdb_hourly_median,model2_xgboost,ROC,0.81,0.95365
SICdb external,SICdb_hourly_median,model2_xgboost,ROC,0.82,0.95634
SICdb external,SICdb_hourly_median,model2_xgboost,ROC,0.83,0.95753
SICdb external,SICdb_hourly_median,model2_xgboost,ROC,0.84,0.95844
SICdb external,SICdb_hourly_median,model2_xgboost,ROC,0.85,0.95935
SICdb external,SICdb_hourly_median,model2_xgboost,ROC,0.86,0.96026
SICdb external,SICdb_hourly_median,model2_xgboost,ROC,0.87,0.96117
SICdb external,SICdb_hourly_median,model2_xgboost,ROC,0.88,0.96208
SICdb external,SICdb_hourly_median,model2_xgboost,ROC,0.89,0.97026
SICdb external,SICdb_hourly_median,model2_xgboost,ROC,0.9,0.97706
SICdb external,SICdb_hourly_median,model2_xgboost,ROC,0.91,0.98105
SICdb external,SICdb_hourly_median,model2_xgboost,ROC,0.92,0.9856
SICdb external,SICdb_hourly_median,model2_xgboost,ROC,0.93,0.99302
SICdb external,SICdb_hourly_median,model2_xgboost,ROC,0.94,0.99557
SICdb external,SICdb_hourly_median,model2_xgboost,ROC,0.95,0.99679
SICdb external,SICdb_hourly_median,model2_xgboost,ROC,0.96,0.99801
SICdb external,SICdb_hourly_median,model2_xgboost,ROC,0.97,0.99923
SICdb external,SICdb_hourly_median,model2_xgboost,ROC,0.98,1.0
SICdb external,SICdb_hourly_median,model2_xgboost,ROC,0.99,1.0
SICdb external,SICdb_hourly_median,model2_xgboost,ROC,1.0,1.0
SICdb external,SICdb_hourly_median,model2_xgboost,PR,0.0,1.0
SICdb external,SICdb_hourly_median,model2_xgboost,PR,0.01,0.475
SICdb external,SICdb_hourly_median,model2_xgboost,PR,0.02,0.46111
SICdb external,SICdb_hourly_median,model2_xgboost,PR,0.03,0.5
SICdb external,SICdb_hourly_median,model2_xgboost,PR,0.04,0.4915
SICdb external,SICdb_hourly_median,model2_xgboost,PR,0.05,0.41551
SICdb external,SICdb_hourly_median,model2_xgboost,PR,0.06,0.43738
SICdb external,SICdb_hourly_median,model2_xgboost,PR,0.07,0.43236
SICdb external,SICdb_hourly_median,model2_xgboost,PR,0.08,0.39147
SICdb external,SICdb_hourly_median,model2_xgboost,PR,0.09,0.41984
SICdb external,SICdb_hourly_median,model2_xgboost,PR,0.1,0.43542
SICdb external,SICdb_hourly_median,model2_xgboost,PR,0.11,0.39333
SICdb external,SICdb_hourly_median,model2_xgboost,PR,0.12,0.35822
SICdb external,SICdb_hourly_median,model2_xgboost,PR,0.13,0.35868
SICdb external,SICdb_hourly_median,model2_xgboost,PR,0.14,0.3759
SICdb external,SICdb_hourly_median,model2_xgboost,PR,0.15,0.38021
SICdb external,SICdb_hourly_median,model2_xgboost,PR,0.16,0.37763
SICdb external,SICdb_hourly_median,model2_xgboost,PR,0.17,0.37286
SICdb external,SICdb_hourly_median,model2_xgboost,PR,0.18,0.35576
SICdb external,SICdb_hourly_median,model2_xgboost,PR,0.19,0.34277
SICdb external,SICdb_hourly_median,model2_xgboost,PR,0.2,0.32743
SICdb external,SICdb_hourly_median,model2_xgboost,PR,0.21,0.31117
SICdb external,SICdb_hourly_median,model2_xgboost,PR,0.22,0.31526
SICdb external,SICdb_hourly_median,model2_xgboost,PR,0.23,0.3049
SICdb external,SICdb_hourly_median,model2_xgboost,PR,0.24,0.29065
SICdb external,SICdb_hourly_median,model2_xgboost,PR,0.25,0.28861
SICdb external,SICdb_hourly_median,model2_xgboost,PR,0.26,0.29276
SICdb external,SICdb_hourly_median,model2_xgboost,PR,0.27,0.29245
SICdb external,SICdb_hourly_median,model2_xgboost,PR,0.28,0.27582
SICdb external,SICdb_hourly_median,model2_xgboost,PR,0.29,0.27899
SICdb external,SICdb_hourly_median,model2_xgboost,PR,0.3,0.28388
SICdb external,SICdb_hourly_median,model2_xgboost,PR,0.31,0.28335
SICdb external,SICdb_hourly_median,model2_xgboost,PR,0.32,0.279
SICdb external,SICdb_hourly_median,model2_xgboost,PR,0.33,0.27103
SICdb external,SICdb_hourly_median,model2_xgboost,PR,0.34,0.27241
SICdb external,SICdb_hourly_median,model2_xgboost,PR,0.35,0.26923
SICdb external,SICdb_hourly_median,model2_xgboost,PR,0.36,0.25148
SICdb external,SICdb_hourly_median,model2_xgboost,PR,0.37,0.24272
SICdb external,SICdb_hourly_median,model2_xgboost,PR,0.38,0.24216
SICdb external,SICdb_hourly_median,model2_xgboost,PR,0.39,0.23575
SICdb external,SICdb_hourly_median,model2_xgboost,PR,0.4,0.23642
SICdb external,SICdb_hourly_median,model2_xgboost,PR,0.41,0.22518
SICdb external,SICdb_hourly_median,model2_xgboost,PR,0.42,0.22626
SICdb external,SICdb_hourly_median,model2_xgboost,PR,0.43,0.22146
SICdb external,SICdb_hourly_median,model2_xgboost,PR,0.44,0.21788
SICdb external,SICdb_hourly_median,model2_xgboost,PR,0.45,0.21796
SICdb external,SICdb_hourly_median,model2_xgboost,PR,0.46,0.21524
SICdb external,SICdb_hourly_median,model2_xgboost,PR,0.47,0.21212
SICdb external,SICdb_hourly_median,model2_xgboost,PR,0.48,0.21183
SICdb external,SICdb_hourly_median,model2_xgboost,PR,0.49,0.21415
SICdb external,SICdb_hourly_median,model2_xgboost,PR,0.5,0.21412
SICdb external,SICdb_hourly_median,model2_xgboost,PR,0.51,0.21635
SICdb external,SICdb_hourly_median,model2_xgboost,PR,0.52,0.21515
SICdb external,SICdb_hourly_median,model2_xgboost,PR,0.53,0.21166
SICdb external,SICdb_hourly_median,model2_xgboost,PR,0.54,0.21183
SICdb external,SICdb_hourly_median,model2_xgboost,PR,0.55,0.2121
SICdb external,SICdb_hourly_median,model2_xgboost,PR,0.56,0.20936
SICdb external,SICdb_hourly_median,model2_xgboost,PR,0.57,0.20699
SICdb external,SICdb_hourly_median,model2_xgboost,PR,0.58,0.20643
SICdb external,SICdb_hourly_median,model2_xgboost,PR,0.59,0.19884
SICdb external,SICdb_hourly_median,model2_xgboost,PR,0.6,0.19577
SICdb external,SICdb_hourly_median,model2_xgboost,PR,0.61,0.19254
SICdb external,SICdb_hourly_median,model2_xgboost,PR,0.62,0.19242
SICdb external,SICdb_hourly_median,model2_xgboost,PR,0.63,0.18858
SICdb external,SICdb_hourly_median,model2_xgboost,PR,0.64,0.17616
SICdb external,SICdb_hourly_median,model2_xgboost,PR,0.65,0.16993
SICdb external,SICdb_hourly_median,model2_xgboost,PR,0.66,0.16706
SICdb external,SICdb_hourly_median,model2_xgboost,PR,0.67,0.16644
SICdb external,SICdb_hourly_median,model2_xgboost,PR,0.68,0.16733
SICdb external,SICdb_hourly_median,model2_xgboost,PR,0.69,0.16631
SICdb external,SICdb_hourly_median,model2_xgboost,PR,0.7,0.16009
SICdb external,SICdb_hourly_median,model2_xgboost,PR,0.71,0.15891
SICdb external,SICdb_hourly_median,model2_xgboost,PR,0.72,0.15734
SICdb external,SICdb_hourly_median,model2_xgboost,PR,0.73,0.15607
SICdb external,SICdb_hourly_median,model2_xgboost,PR,0.74,0.15589
SICdb external,SICdb_hourly_median,model2_xgboost,PR,0.75,0.15123
SICdb external,SICdb_hourly_median,model2_xgboost,PR,0.76,0.1524
SICdb external,SICdb_hourly_median,model2_xgboost,PR,0.77,0.15267
SICdb external,SICdb_hourly_median,model2_xgboost,PR,0.78,0.14567
SICdb external,SICdb_hourly_median,model2_xgboost,PR,0.79,0.14621
SICdb external,SICdb_hourly_median,model2_xgboost,PR,0.8,0.13691
SICdb external,SICdb_hourly_median,model2_xgboost,PR,0.81,0.12997
SICdb external,SICdb_hourly_median,model2_xgboost,PR,0.82,0.12344
SICdb external,SICdb_hourly_median,model2_xgboost,PR,0.83,0.12136
SICdb external,SICdb_hourly_median,model2_xgboost,PR,0.84,0.12032
SICdb external,SICdb_hourly_median,model2_xgboost,PR,0.85,0.11797
SICdb external,SICdb_hourly_median,model2_xgboost,PR,0.86,0.1133
SICdb external,SICdb_hourly_median,model2_xgboost,PR,0.87,0.10719
SICdb external,SICdb_hourly_median,model2_xgboost,PR,0.88,0.10277
SICdb external,SICdb_hourly_median,model2_xgboost,PR,0.89,0.1008
SICdb external,SICdb_hourly_median,model2_xgboost,PR,0.9,0.09835
SICdb external,SICdb_hourly_median,model2_xgboost,PR,0.91,0.09509
SICdb external,SICdb_hourly_median,model2_xgboost,PR,0.92,0.09506
SICdb external,SICdb_hourly_median,model2_xgboost,PR,0.93,0.09092
SICdb external,SICdb_hourly_median,model2_xgboost,PR,0.94,0.09135
SICdb external,SICdb_hourly_median,model2_xgboost,PR,0.95,0.09109
SICdb external,SICdb_hourly_median,model2_xgboost,PR,0.96,0.08648
SICdb external,SICdb_hourly_median,model2_xgboost,PR,0.97,0.08428
SICdb external,SICdb_hourly_median,model2_xgboost,PR,0.98,0.08359
SICdb external,SICdb_hourly_median,model2_xgboost,PR,0.99,0.08278
SICdb external,SICdb_hourly_median,model2_xgboost,PR,1.0,0.0796
SICdb external,SICdb_hourly_median,model3_grud,ROC,0.0,0.01081
SICdb external,SICdb_hourly_median,model3_grud,ROC,0.01,0.10369
SICdb external,SICdb_hourly_median,model3_grud,ROC,0.02,0.1317
SICdb external,SICdb_hourly_median,model3_grud,ROC,0.03,0.16528
SICdb external,SICdb_hourly_median,model3_grud,ROC,0.04,0.20346
SICdb external,SICdb_hourly_median,model3_grud,ROC,0.05,0.24117
SICdb external,SICdb_hourly_median,model3_grud,ROC,0.06,0.25314
SICdb external,SICdb_hourly_median,model3_grud,ROC,0.07,0.28296
SICdb external,SICdb_hourly_median,model3_grud,ROC,0.08,0.31529
SICdb external,SICdb_hourly_median,model3_grud,ROC,0.09,0.3222
SICdb external,SICdb_hourly_median,model3_grud,ROC,0.1,0.34281
SICdb external,SICdb_hourly_median,model3_grud,ROC,0.11,0.38066
SICdb external,SICdb_hourly_median,model3_grud,ROC,0.12,0.38832
SICdb external,SICdb_hourly_median,model3_grud,ROC,0.13,0.40483
SICdb external,SICdb_hourly_median,model3_grud,ROC,0.14,0.42836
SICdb external,SICdb_hourly_median,model3_grud,ROC,0.15,0.44642
SICdb external,SICdb_hourly_median,model3_grud,ROC,0.16,0.45391
SICdb external,SICdb_hourly_median,model3_grud,ROC,0.17,0.45757
SICdb external,SICdb_hourly_median,model3_grud,ROC,0.18,0.4632
SICdb external,SICdb_hourly_median,model3_grud,ROC,0.19,0.47066
SICdb external,SICdb_hourly_median,model3_grud,ROC,0.2,0.47784
SICdb external,SICdb_hourly_median,model3_grud,ROC,0.21,0.48851
SICdb external,SICdb_hourly_median,model3_grud,ROC,0.22,0.51008
SICdb external,SICdb_hourly_median,model3_grud,ROC,0.23,0.51889
SICdb external,SICdb_hourly_median,model3_grud,ROC,0.24,0.53072
SICdb external,SICdb_hourly_median,model3_grud,ROC,0.25,0.54149
SICdb external,SICdb_hourly_median,model3_grud,ROC,0.26,0.55441
SICdb external,SICdb_hourly_median,model3_grud,ROC,0.27,0.57683
SICdb external,SICdb_hourly_median,model3_grud,ROC,0.28,0.59627
SICdb external,SICdb_hourly_median,model3_grud,ROC,0.29,0.61729
SICdb external,SICdb_hourly_median,model3_grud,ROC,0.3,0.63
SICdb external,SICdb_hourly_median,model3_grud,ROC,0.31,0.64082
SICdb external,SICdb_hourly_median,model3_grud,ROC,0.32,0.64819
SICdb external,SICdb_hourly_median,model3_grud,ROC,0.33,0.65624
SICdb external,SICdb_hourly_median,model3_grud,ROC,0.34,0.67316
SICdb external,SICdb_hourly_median,model3_grud,ROC,0.35,0.68448
SICdb external,SICdb_hourly_median,model3_grud,ROC,0.36,0.6918
SICdb external,SICdb_hourly_median,model3_grud,ROC,0.37,0.71031
SICdb external,SICdb_hourly_median,model3_grud,ROC,0.38,0.72643
SICdb external,SICdb_hourly_median,model3_grud,ROC,0.39,0.73137
SICdb external,SICdb_hourly_median,model3_grud,ROC,0.4,0.73572
SICdb external,SICdb_hourly_median,model3_grud,ROC,0.41,0.74158
SICdb external,SICdb_hourly_median,model3_grud,ROC,0.42,0.75182
SICdb external,SICdb_hourly_median,model3_grud,ROC,0.43,0.7745
SICdb external,SICdb_hourly_median,model3_grud,ROC,0.44,0.78886
SICdb external,SICdb_hourly_median,model3_grud,ROC,0.45,0.79925
SICdb external,SICdb_hourly_median,model3_grud,ROC,0.46,0.80119
SICdb external,SICdb_hourly_median,model3_grud,ROC,0.47,0.80256
SICdb external,SICdb_hourly_median,model3_grud,ROC,0.48,0.80394
SICdb external,SICdb_hourly_median,model3_grud,ROC,0.49,0.80532
SICdb external,SICdb_hourly_median,model3_grud,ROC,0.5,0.81721
SICdb external,SICdb_hourly_median,model3_grud,ROC,0.51,0.82267
SICdb external,SICdb_hourly_median,model3_grud,ROC,0.52,0.82626
SICdb external,SICdb_hourly_median,model3_grud,ROC,0.53,0.83168
SICdb external,SICdb_hourly_median,model3_grud,ROC,0.54,0.83381
SICdb external,SICdb_hourly_median,model3_grud,ROC,0.55,0.83539
SICdb external,SICdb_hourly_median,model3_grud,ROC,0.56,0.83697
SICdb external,SICdb_hourly_median,model3_grud,ROC,0.57,0.83981
SICdb external,SICdb_hourly_median,model3_grud,ROC,0.58,0.84376
SICdb external,SICdb_hourly_median,model3_grud,ROC,0.59,0.84613
SICdb external,SICdb_hourly_median,model3_grud,ROC,0.6,0.8485
SICdb external,SICdb_hourly_median,model3_grud,ROC,0.61,0.858
SICdb external,SICdb_hourly_median,model3_grud,ROC,0.62,0.86029
SICdb external,SICdb_hourly_median,model3_grud,ROC,0.63,0.86148
SICdb external,SICdb_hourly_median,model3_grud,ROC,0.64,0.86266
SICdb external,SICdb_hourly_median,model3_grud,ROC,0.65,0.86385
SICdb external,SICdb_hourly_median,model3_grud,ROC,0.66,0.86562
SICdb external,SICdb_hourly_median,model3_grud,ROC,0.67,0.87097
SICdb external,SICdb_hourly_median,model3_grud,ROC,0.68,0.87603
SICdb external,SICdb_hourly_median,model3_grud,ROC,0.69,0.88011
SICdb external,SICdb_hourly_median,model3_grud,ROC,0.7,0.89457
SICdb external,SICdb_hourly_median,model3_grud,ROC,0.71,0.90843
SICdb external,SICdb_hourly_median,model3_grud,ROC,0.72,0.9095
SICdb external,SICdb_hourly_median,model3_grud,ROC,0.73,0.91056
SICdb external,SICdb_hourly_median,model3_grud,ROC,0.74,0.91163
SICdb external,SICdb_hourly_median,model3_grud,ROC,0.75,0.9127
SICdb external,SICdb_hourly_median,model3_grud,ROC,0.76,0.91953
SICdb external,SICdb_hourly_median,model3_grud,ROC,0.77,0.92376
SICdb external,SICdb_hourly_median,model3_grud,ROC,0.78,0.93708
SICdb external,SICdb_hourly_median,model3_grud,ROC,0.79,0.94106
SICdb external,SICdb_hourly_median,model3_grud,ROC,0.8,0.943
SICdb external,SICdb_hourly_median,model3_grud,ROC,0.81,0.94495
SICdb external,SICdb_hourly_median,model3_grud,ROC,0.82,0.94793
SICdb external,SICdb_hourly_median,model3_grud,ROC,0.83,0.95326
SICdb external,SICdb_hourly_median,model3_grud,ROC,0.84,0.9601
SICdb external,SICdb_hourly_median,model3_grud,ROC,0.85,0.96278
SICdb external,SICdb_hourly_median,model3_grud,ROC,0.86,0.96388
SICdb external,SICdb_hourly_median,model3_grud,ROC,0.87,0.96497
SICdb external,SICdb_hourly_median,model3_grud,ROC,0.88,0.96607
SICdb external,SICdb_hourly_median,model3_grud,ROC,0.89,0.96717
SICdb external,SICdb_hourly_median,model3_grud,ROC,0.9,0.96889
SICdb external,SICdb_hourly_median,model3_grud,ROC,0.91,0.97096
SICdb external,SICdb_hourly_median,model3_grud,ROC,0.92,0.97333
SICdb external,SICdb_hourly_median,model3_grud,ROC,0.93,0.97964
SICdb external,SICdb_hourly_median,model3_grud,ROC,0.94,0.982
SICdb external,SICdb_hourly_median,model3_grud,ROC,0.95,0.98575
SICdb external,SICdb_hourly_median,model3_grud,ROC,0.96,0.99061
SICdb external,SICdb_hourly_median,model3_grud,ROC,0.97,0.99313
SICdb external,SICdb_hourly_median,model3_grud,ROC,0.98,0.9961
SICdb external,SICdb_hourly_median,model3_grud,ROC,0.99,0.99969
SICdb external,SICdb_hourly_median,model3_grud,ROC,1.0,1.0
SICdb external,SICdb_hourly_median,model3_grud,PR,0.0,1.0
SICdb external,SICdb_hourly_median,model3_grud,PR,0.01,1.0
SICdb external,SICdb_hourly_median,model3_grud,PR,0.02,0.785
SICdb external,SICdb_hourly_median,model3_grud,PR,0.03,0.61125
SICdb external,SICdb_hourly_median,model3_grud,PR,0.04,0.46824
SICdb external,SICdb_hourly_median,model3_grud,PR,0.05,0.4256
SICdb external,SICdb_hourly_median,model3_grud,PR,0.06,0.44215
SICdb external,SICdb_hourly_median,model3_grud,PR,0.07,0.44894
SICdb external,SICdb_hourly_median,model3_grud,PR,0.08,0.46532
SICdb external,SICdb_hourly_median,model3_grud,PR,0.09,0.48541
SICdb external,SICdb_hourly_median,model3_grud,PR,0.1,0.46827
SICdb external,SICdb_hourly_median,model3_grud,PR,0.11,0.43261
SICdb external,SICdb_hourly_median,model3_grud,PR,0.12,0.41777
SICdb external,SICdb_hourly_median,model3_grud,PR,0.13,0.36282
SICdb external,SICdb_hourly_median,model3_grud,PR,0.14,0.34262
SICdb external,SICdb_hourly_median,model3_grud,PR,0.15,0.32551
SICdb external,SICdb_hourly_median,model3_grud,PR,0.16,0.32183
SICdb external,SICdb_hourly_median,model3_grud,PR,0.17,0.31655
SICdb external,SICdb_hourly_median,model3_grud,PR,0.18,0.30465
SICdb external,SICdb_hourly_median,model3_grud,PR,0.19,0.3079
SICdb external,SICdb_hourly_median,model3_grud,PR,0.2,0.29839
SICdb external,SICdb_hourly_median,model3_grud,PR,0.21,0.29829
SICdb external,SICdb_hourly_median,model3_grud,PR,0.22,0.29904
SICdb external,SICdb_hourly_median,model3_grud,PR,0.23,0.30589
SICdb external,SICdb_hourly_median,model3_grud,PR,0.24,0.2923
SICdb external,SICdb_hourly_median,model3_grud,PR,0.25,0.28019
SICdb external,SICdb_hourly_median,model3_grud,PR,0.26,0.25667
SICdb external,SICdb_hourly_median,model3_grud,PR,0.27,0.25152
SICdb external,SICdb_hourly_median,model3_grud,PR,0.28,0.25171
SICdb external,SICdb_hourly_median,model3_grud,PR,0.29,0.25475
SICdb external,SICdb_hourly_median,model3_grud,PR,0.3,0.25284
SICdb external,SICdb_hourly_median,model3_grud,PR,0.31,0.25293
SICdb external,SICdb_hourly_median,model3_grud,PR,0.32,0.24079
SICdb external,SICdb_hourly_median,model3_grud,PR,0.33,0.22515
SICdb external,SICdb_hourly_median,model3_grud,PR,0.34,0.22513
SICdb external,SICdb_hourly_median,model3_grud,PR,0.35,0.22521
SICdb external,SICdb_hourly_median,model3_grud,PR,0.36,0.22839
SICdb external,SICdb_hourly_median,model3_grud,PR,0.37,0.229
SICdb external,SICdb_hourly_median,model3_grud,PR,0.38,0.22766
SICdb external,SICdb_hourly_median,model3_grud,PR,0.39,0.2139
SICdb external,SICdb_hourly_median,model3_grud,PR,0.4,0.21203
SICdb external,SICdb_hourly_median,model3_grud,PR,0.41,0.20864
SICdb external,SICdb_hourly_median,model3_grud,PR,0.42,0.21189
SICdb external,SICdb_hourly_median,model3_grud,PR,0.43,0.20545
SICdb external,SICdb_hourly_median,model3_grud,PR,0.44,0.20474
SICdb external,SICdb_hourly_median,model3_grud,PR,0.45,0.19756
SICdb external,SICdb_hourly_median,model3_grud,PR,0.46,0.18084
SICdb external,SICdb_hourly_median,model3_grud,PR,0.47,0.17351
SICdb external,SICdb_hourly_median,model3_grud,PR,0.48,0.16687
SICdb external,SICdb_hourly_median,model3_grud,PR,0.49,0.1637
SICdb external,SICdb_hourly_median,model3_grud,PR,0.5,0.16415
SICdb external,SICdb_hourly_median,model3_grud,PR,0.51,0.16375
SICdb external,SICdb_hourly_median,model3_grud,PR,0.52,0.15939
SICdb external,SICdb_hourly_median,model3_grud,PR,0.53,0.1575
SICdb external,SICdb_hourly_median,model3_grud,PR,0.54,0.15496
SICdb external,SICdb_hourly_median,model3_grud,PR,0.55,0.1533
SICdb external,SICdb_hourly_median,model3_grud,PR,0.56,0.15262
SICdb external,SICdb_hourly_median,model3_grud,PR,0.57,0.15341
SICdb external,SICdb_hourly_median,model3_grud,PR,0.58,0.15302
SICdb external,SICdb_hourly_median,model3_grud,PR,0.59,0.15192
SICdb external,SICdb_hourly_median,model3_grud,PR,0.6,0.15205
SICdb external,SICdb_hourly_median,model3_grud,PR,0.61,0.15143
SICdb external,SICdb_hourly_median,model3_grud,PR,0.62,0.1517
SICdb external,SICdb_hourly_median,model3_grud,PR,0.63,0.15061
SICdb external,SICdb_hourly_median,model3_grud,PR,0.64,0.14856
SICdb external,SICdb_hourly_median,model3_grud,PR,0.65,0.14533
SICdb external,SICdb_hourly_median,model3_grud,PR,0.66,0.14246
SICdb external,SICdb_hourly_median,model3_grud,PR,0.67,0.1432
SICdb external,SICdb_hourly_median,model3_grud,PR,0.68,0.14315
SICdb external,SICdb_hourly_median,model3_grud,PR,0.69,0.14001
SICdb external,SICdb_hourly_median,model3_grud,PR,0.7,0.13902
SICdb external,SICdb_hourly_median,model3_grud,PR,0.71,0.13951
SICdb external,SICdb_hourly_median,model3_grud,PR,0.72,0.13951
SICdb external,SICdb_hourly_median,model3_grud,PR,0.73,0.13747
SICdb external,SICdb_hourly_median,model3_grud,PR,0.74,0.13283
SICdb external,SICdb_hourly_median,model3_grud,PR,0.75,0.13152
SICdb external,SICdb_hourly_median,model3_grud,PR,0.76,0.1306
SICdb external,SICdb_hourly_median,model3_grud,PR,0.77,0.13161
SICdb external,SICdb_hourly_median,model3_grud,PR,0.78,0.13232
SICdb external,SICdb_hourly_median,model3_grud,PR,0.79,0.13149
SICdb external,SICdb_hourly_median,model3_grud,PR,0.8,0.13017
SICdb external,SICdb_hourly_median,model3_grud,PR,0.81,0.121
SICdb external,SICdb_hourly_median,model3_grud,PR,0.82,0.12069
SICdb external,SICdb_hourly_median,model3_grud,PR,0.83,0.11735
SICdb external,SICdb_hourly_median,model3_grud,PR,0.84,0.1106
SICdb external,SICdb_hourly_median,model3_grud,PR,0.85,0.10668
SICdb external,SICdb_hourly_median,model3_grud,PR,0.86,0.10525
SICdb external,SICdb_hourly_median,model3_grud,PR,0.87,0.09906
SICdb external,SICdb_hourly_median,model3_grud,PR,0.88,0.09726
SICdb external,SICdb_hourly_median,model3_grud,PR,0.89,0.0974
SICdb external,SICdb_hourly_median,model3_grud,PR,0.9,0.09711
SICdb external,SICdb_hourly_median,model3_grud,PR,0.91,0.09594
SICdb external,SICdb_hourly_median,model3_grud,PR,0.92,0.09261
SICdb external,SICdb_hourly_median,model3_grud,PR,0.93,0.09233
SICdb external,SICdb_hourly_median,model3_grud,PR,0.94,0.0917
SICdb external,SICdb_hourly_median,model3_grud,PR,0.95,0.08861
SICdb external,SICdb_hourly_median,model3_grud,PR,0.96,0.08803
SICdb external,SICdb_hourly_median,model3_grud,PR,0.97,0.08297
SICdb external,SICdb_hourly_median,model3_grud,PR,0.98,0.08159
SICdb external,SICdb_hourly_median,model3_grud,PR,0.99,0.08029
SICdb external,SICdb_hourly_median,model3_grud,PR,1.0,0.07852
MIMIC-IV internal OOF,patient_mean_5_repeats,model12h_level_only,ROC,0.0,0.00595
MIMIC-IV internal OOF,patient_mean_5_repeats,model12h_level_only,ROC,0.01,0.04167
MIMIC-IV internal OOF,patient_mean_5_repeats,model12h_level_only,ROC,0.02,0.12429
MIMIC-IV internal OOF,patient_mean_5_repeats,model12h_level_only,ROC,0.03,0.16167
MIMIC-IV internal OOF,patient_mean_5_repeats,model12h_level_only,ROC,0.04,0.18452
MIMIC-IV internal OOF,patient_mean_5_repeats,model12h_level_only,ROC,0.05,0.21429
MIMIC-IV internal OOF,patient_mean_5_repeats,model12h_level_only,ROC,0.06,0.2619
MIMIC-IV internal OOF,patient_mean_5_repeats,model12h_level_only,ROC,0.07,0.27976
MIMIC-IV internal OOF,patient_mean_5_repeats,model12h_level_only,ROC,0.08,0.30357
MIMIC-IV internal OOF,patient_mean_5_repeats,model12h_level_only,ROC,0.09,0.30643
MIMIC-IV internal OOF,patient_mean_5_repeats,model12h_level_only,ROC,0.1,0.32738
MIMIC-IV internal OOF,patient_mean_5_repeats,model12h_level_only,ROC,0.11,0.3731
MIMIC-IV internal OOF,patient_mean_5_repeats,model12h_level_only,ROC,0.12,0.39881
MIMIC-IV internal OOF,patient_mean_5_repeats,model12h_level_only,ROC,0.13,0.41881
MIMIC-IV internal OOF,patient_mean_5_repeats,model12h_level_only,ROC,0.14,0.42857
MIMIC-IV internal OOF,patient_mean_5_repeats,model12h_level_only,ROC,0.15,0.45238
MIMIC-IV internal OOF,patient_mean_5_repeats,model12h_level_only,ROC,0.16,0.47929
MIMIC-IV internal OOF,patient_mean_5_repeats,model12h_level_only,ROC,0.17,0.48214
MIMIC-IV internal OOF,patient_mean_5_repeats,model12h_level_only,ROC,0.18,0.49405
MIMIC-IV internal OOF,patient_mean_5_repeats,model12h_level_only,ROC,0.19,0.49405
MIMIC-IV internal OOF,patient_mean_5_repeats,model12h_level_only,ROC,0.2,0.5
MIMIC-IV internal OOF,patient_mean_5_repeats,model12h_level_only,ROC,0.21,0.50595
MIMIC-IV internal OOF,patient_mean_5_repeats,model12h_level_only,ROC,0.22,0.52381
MIMIC-IV internal OOF,patient_mean_5_repeats,model12h_level_only,ROC,0.23,0.54167
MIMIC-IV internal OOF,patient_mean_5_repeats,model12h_level_only,ROC,0.24,0.54762
MIMIC-IV internal OOF,patient_mean_5_repeats,model12h_level_only,ROC,0.25,0.55952
MIMIC-IV internal OOF,patient_mean_5_repeats,model12h_level_only,ROC,0.26,0.58929
MIMIC-IV internal OOF,patient_mean_5_repeats,model12h_level_only,ROC,0.27,0.59524
MIMIC-IV internal OOF,patient_mean_5_repeats,model12h_level_only,ROC,0.28,0.60714
MIMIC-IV internal OOF,patient_mean_5_repeats,model12h_level_only,ROC,0.29,0.6131
MIMIC-IV internal OOF,patient_mean_5_repeats,model12h_level_only,ROC,0.3,0.6369
MIMIC-IV internal OOF,patient_mean_5_repeats,model12h_level_only,ROC,0.31,0.6369
MIMIC-IV internal OOF,patient_mean_5_repeats,model12h_level_only,ROC,0.32,0.64286
MIMIC-IV internal OOF,patient_mean_5_repeats,model12h_level_only,ROC,0.33,0.64286
MIMIC-IV internal OOF,patient_mean_5_repeats,model12h_level_only,ROC,0.34,0.64881
MIMIC-IV internal OOF,patient_mean_5_repeats,model12h_level_only,ROC,0.35,0.67381
MIMIC-IV internal OOF,patient_mean_5_repeats,model12h_level_only,ROC,0.36,0.68452
MIMIC-IV internal OOF,patient_mean_5_repeats,model12h_level_only,ROC,0.37,0.69048
MIMIC-IV internal OOF,patient_mean_5_repeats,model12h_level_only,ROC,0.38,0.70238
MIMIC-IV internal OOF,patient_mean_5_repeats,model12h_level_only,ROC,0.39,0.70238
MIMIC-IV internal OOF,patient_mean_5_repeats,model12h_level_only,ROC,0.4,0.70238
MIMIC-IV internal OOF,patient_mean_5_repeats,model12h_level_only,ROC,0.41,0.70238
MIMIC-IV internal OOF,patient_mean_5_repeats,model12h_level_only,ROC,0.42,0.70238
MIMIC-IV internal OOF,patient_mean_5_repeats,model12h_level_only,ROC,0.43,0.72024
MIMIC-IV internal OOF,patient_mean_5_repeats,model12h_level_only,ROC,0.44,0.73214
MIMIC-IV internal OOF,patient_mean_5_repeats,model12h_level_only,ROC,0.45,0.73214
MIMIC-IV internal OOF,patient_mean_5_repeats,model12h_level_only,ROC,0.46,0.75
MIMIC-IV internal OOF,patient_mean_5_repeats,model12h_level_only,ROC,0.47,0.75
MIMIC-IV internal OOF,patient_mean_5_repeats,model12h_level_only,ROC,0.48,0.77381
MIMIC-IV internal OOF,patient_mean_5_repeats,model12h_level_only,ROC,0.49,0.77976
MIMIC-IV internal OOF,patient_mean_5_repeats,model12h_level_only,ROC,0.5,0.78571
MIMIC-IV internal OOF,patient_mean_5_repeats,model12h_level_only,ROC,0.51,0.79762
MIMIC-IV internal OOF,patient_mean_5_repeats,model12h_level_only,ROC,0.52,0.80952
MIMIC-IV internal OOF,patient_mean_5_repeats,model12h_level_only,ROC,0.53,0.81548
MIMIC-IV internal OOF,patient_mean_5_repeats,model12h_level_only,ROC,0.54,0.81548
MIMIC-IV internal OOF,patient_mean_5_repeats,model12h_level_only,ROC,0.55,0.81548
MIMIC-IV internal OOF,patient_mean_5_repeats,model12h_level_only,ROC,0.56,0.81548
MIMIC-IV internal OOF,patient_mean_5_repeats,model12h_level_only,ROC,0.57,0.81548
MIMIC-IV internal OOF,patient_mean_5_repeats,model12h_level_only,ROC,0.58,0.81548
MIMIC-IV internal OOF,patient_mean_5_repeats,model12h_level_only,ROC,0.59,0.82143
MIMIC-IV internal OOF,patient_mean_5_repeats,model12h_level_only,ROC,0.6,0.82143
MIMIC-IV internal OOF,patient_mean_5_repeats,model12h_level_only,ROC,0.61,0.82738
MIMIC-IV internal OOF,patient_mean_5_repeats,model12h_level_only,ROC,0.62,0.83119
MIMIC-IV internal OOF,patient_mean_5_repeats,model12h_level_only,ROC,0.63,0.83548
MIMIC-IV internal OOF,patient_mean_5_repeats,model12h_level_only,ROC,0.64,0.84524
MIMIC-IV internal OOF,patient_mean_5_repeats,model12h_level_only,ROC,0.65,0.85714
MIMIC-IV internal OOF,patient_mean_5_repeats,model12h_level_only,ROC,0.66,0.85714
MIMIC-IV internal OOF,patient_mean_5_repeats,model12h_level_only,ROC,0.67,0.86905
MIMIC-IV internal OOF,patient_mean_5_repeats,model12h_level_only,ROC,0.68,0.86905
MIMIC-IV internal OOF,patient_mean_5_repeats,model12h_level_only,ROC,0.69,0.86905
MIMIC-IV internal OOF,patient_mean_5_repeats,model12h_level_only,ROC,0.7,0.875
MIMIC-IV internal OOF,patient_mean_5_repeats,model12h_level_only,ROC,0.71,0.88167
MIMIC-IV internal OOF,patient_mean_5_repeats,model12h_level_only,ROC,0.72,0.89881
MIMIC-IV internal OOF,patient_mean_5_repeats,model12h_level_only,ROC,0.73,0.90476
MIMIC-IV internal OOF,patient_mean_5_repeats,model12h_level_only,ROC,0.74,0.90476
MIMIC-IV internal OOF,patient_mean_5_repeats,model12h_level_only,ROC,0.75,0.91667
MIMIC-IV internal OOF,patient_mean_5_repeats,model12h_level_only,ROC,0.76,0.91667
MIMIC-IV internal OOF,patient_mean_5_repeats,model12h_level_only,ROC,0.77,0.91667
MIMIC-IV internal OOF,patient_mean_5_repeats,model12h_level_only,ROC,0.78,0.91667
MIMIC-IV internal OOF,patient_mean_5_repeats,model12h_level_only,ROC,0.79,0.92262
MIMIC-IV internal OOF,patient_mean_5_repeats,model12h_level_only,ROC,0.8,0.92262
MIMIC-IV internal OOF,patient_mean_5_repeats,model12h_level_only,ROC,0.81,0.92262
MIMIC-IV internal OOF,patient_mean_5_repeats,model12h_level_only,ROC,0.82,0.93452
MIMIC-IV internal OOF,patient_mean_5_repeats,model12h_level_only,ROC,0.83,0.94048
MIMIC-IV internal OOF,patient_mean_5_repeats,model12h_level_only,ROC,0.84,0.94048
MIMIC-IV internal OOF,patient_mean_5_repeats,model12h_level_only,ROC,0.85,0.97024
MIMIC-IV internal OOF,patient_mean_5_repeats,model12h_level_only,ROC,0.86,0.97024
MIMIC-IV internal OOF,patient_mean_5_repeats,model12h_level_only,ROC,0.87,0.97024
MIMIC-IV internal OOF,patient_mean_5_repeats,model12h_level_only,ROC,0.88,0.97024
MIMIC-IV internal OOF,patient_mean_5_repeats,model12h_level_only,ROC,0.89,0.97024
MIMIC-IV internal OOF,patient_mean_5_repeats,model12h_level_only,ROC,0.9,0.97619
MIMIC-IV internal OOF,patient_mean_5_repeats,model12h_level_only,ROC,0.91,0.97619
MIMIC-IV internal OOF,patient_mean_5_repeats,model12h_level_only,ROC,0.92,0.97619
MIMIC-IV internal OOF,patient_mean_5_repeats,model12h_level_only,ROC,0.93,0.98214
MIMIC-IV internal OOF,patient_mean_5_repeats,model12h_level_only,ROC,0.94,0.98214
MIMIC-IV internal OOF,patient_mean_5_repeats,model12h_level_only,ROC,0.95,0.99405
MIMIC-IV internal OOF,patient_mean_5_repeats,model12h_level_only,ROC,0.96,0.99405
MIMIC-IV internal OOF,patient_mean_5_repeats,model12h_level_only,ROC,0.97,1.0
MIMIC-IV internal OOF,patient_mean_5_repeats,model12h_level_only,ROC,0.98,1.0
MIMIC-IV internal OOF,patient_mean_5_repeats,model12h_level_only,ROC,0.99,1.0
MIMIC-IV internal OOF,patient_mean_5_repeats,model12h_level_only,ROC,1.0,1.0
MIMIC-IV internal OOF,patient_mean_5_repeats,model12h_level_only,PR,0.0,0.09655
MIMIC-IV internal OOF,patient_mean_5_repeats,model12h_level_only,PR,0.01,0.592
MIMIC-IV internal OOF,patient_mean_5_repeats,model12h_level_only,PR,0.02,0.45429
MIMIC-IV internal OOF,patient_mean_5_repeats,model12h_level_only,PR,0.03,0.55333
MIMIC-IV internal OOF,patient_mean_5_repeats,model12h_level_only,PR,0.04,0.40526
MIMIC-IV internal OOF,patient_mean_5_repeats,model12h_level_only,PR,0.05,0.29391
MIMIC-IV internal OOF,patient_mean_5_repeats,model12h_level_only,PR,0.06,0.30467
MIMIC-IV internal OOF,patient_mean_5_repeats,model12h_level_only,PR,0.07,0.32413
MIMIC-IV internal OOF,patient_mean_5_repeats,model12h_level_only,PR,0.08,0.34558
MIMIC-IV internal OOF,patient_mean_5_repeats,model12h_level_only,PR,0.09,0.36767
MIMIC-IV internal OOF,patient_mean_5_repeats,model12h_level_only,PR,0.1,0.38528
MIMIC-IV internal OOF,patient_mean_5_repeats,model12h_level_only,PR,0.11,0.39752
MIMIC-IV internal OOF,patient_mean_5_repeats,model12h_level_only,PR,0.12,0.3994
MIMIC-IV internal OOF,patient_mean_5_repeats,model12h_level_only,PR,0.13,0.40562
MIMIC-IV internal OOF,patient_mean_5_repeats,model12h_level_only,PR,0.14,0.40867
MIMIC-IV internal OOF,patient_mean_5_repeats,model12h_level_only,PR,0.15,0.3907
MIMIC-IV internal OOF,patient_mean_5_repeats,model12h_level_only,PR,0.16,0.36942
MIMIC-IV internal OOF,patient_mean_5_repeats,model12h_level_only,PR,0.17,0.35777
MIMIC-IV internal OOF,patient_mean_5_repeats,model12h_level_only,PR,0.18,0.3541
MIMIC-IV internal OOF,patient_mean_5_repeats,model12h_level_only,PR,0.19,0.32796
MIMIC-IV internal OOF,patient_mean_5_repeats,model12h_level_only,PR,0.2,0.33069
MIMIC-IV internal OOF,patient_mean_5_repeats,model12h_level_only,PR,0.21,0.34158
MIMIC-IV internal OOF,patient_mean_5_repeats,model12h_level_only,PR,0.22,0.31744
MIMIC-IV internal OOF,patient_mean_5_repeats,model12h_level_only,PR,0.23,0.31625
MIMIC-IV internal OOF,patient_mean_5_repeats,model12h_level_only,PR,0.24,0.3151
MIMIC-IV internal OOF,patient_mean_5_repeats,model12h_level_only,PR,0.25,0.31818
MIMIC-IV internal OOF,patient_mean_5_repeats,model12h_level_only,PR,0.26,0.31957
MIMIC-IV internal OOF,patient_mean_5_repeats,model12h_level_only,PR,0.27,0.30781
MIMIC-IV internal OOF,patient_mean_5_repeats,model12h_level_only,PR,0.28,0.29931
MIMIC-IV internal OOF,patient_mean_5_repeats,model12h_level_only,PR,0.29,0.29601
MIMIC-IV internal OOF,patient_mean_5_repeats,model12h_level_only,PR,0.3,0.29688
MIMIC-IV internal OOF,patient_mean_5_repeats,model12h_level_only,PR,0.31,0.26812
MIMIC-IV internal OOF,patient_mean_5_repeats,model12h_level_only,PR,0.32,0.27184
MIMIC-IV internal OOF,patient_mean_5_repeats,model12h_level_only,PR,0.33,0.26505
MIMIC-IV internal OOF,patient_mean_5_repeats,model12h_level_only,PR,0.34,0.26293
MIMIC-IV internal OOF,patient_mean_5_repeats,model12h_level_only,PR,0.35,0.26275
MIMIC-IV internal OOF,patient_mean_5_repeats,model12h_level_only,PR,0.36,0.25903
MIMIC-IV internal OOF,patient_mean_5_repeats,model12h_level_only,PR,0.37,0.26433
MIMIC-IV internal OOF,patient_mean_5_repeats,model12h_level_only,PR,0.38,0.26859
MIMIC-IV internal OOF,patient_mean_5_repeats,model12h_level_only,PR,0.39,0.26254
MIMIC-IV internal OOF,patient_mean_5_repeats,model12h_level_only,PR,0.4,0.2626
MIMIC-IV internal OOF,patient_mean_5_repeats,model12h_level_only,PR,0.41,0.25617
MIMIC-IV internal OOF,patient_mean_5_repeats,model12h_level_only,PR,0.42,0.25729
MIMIC-IV internal OOF,patient_mean_5_repeats,model12h_level_only,PR,0.43,0.24788
MIMIC-IV internal OOF,patient_mean_5_repeats,model12h_level_only,PR,0.44,0.24742
MIMIC-IV internal OOF,patient_mean_5_repeats,model12h_level_only,PR,0.45,0.24418
MIMIC-IV internal OOF,patient_mean_5_repeats,model12h_level_only,PR,0.46,0.24369
MIMIC-IV internal OOF,patient_mean_5_repeats,model12h_level_only,PR,0.47,0.24027
MIMIC-IV internal OOF,patient_mean_5_repeats,model12h_level_only,PR,0.48,0.24295
MIMIC-IV internal OOF,patient_mean_5_repeats,model12h_level_only,PR,0.49,0.22916
MIMIC-IV internal OOF,patient_mean_5_repeats,model12h_level_only,PR,0.5,0.21429
MIMIC-IV internal OOF,patient_mean_5_repeats,model12h_level_only,PR,0.51,0.2041
MIMIC-IV internal OOF,patient_mean_5_repeats,model12h_level_only,PR,0.52,0.20205
MIMIC-IV internal OOF,patient_mean_5_repeats,model12h_level_only,PR,0.53,0.20372
MIMIC-IV internal OOF,patient_mean_5_repeats,model12h_level_only,PR,0.54,0.20365
MIMIC-IV internal OOF,patient_mean_5_repeats,model12h_level_only,PR,0.55,0.19907
MIMIC-IV internal OOF,patient_mean_5_repeats,model12h_level_only,PR,0.56,0.19363
MIMIC-IV internal OOF,patient_mean_5_repeats,model12h_level_only,PR,0.57,0.19102
MIMIC-IV internal OOF,patient_mean_5_repeats,model12h_level_only,PR,0.58,0.19278
MIMIC-IV internal OOF,patient_mean_5_repeats,model12h_level_only,PR,0.59,0.19514
MIMIC-IV internal OOF,patient_mean_5_repeats,model12h_level_only,PR,0.6,0.19071
MIMIC-IV internal OOF,patient_mean_5_repeats,model12h_level_only,PR,0.61,0.18897
MIMIC-IV internal OOF,patient_mean_5_repeats,model12h_level_only,PR,0.62,0.18463
MIMIC-IV internal OOF,patient_mean_5_repeats,model12h_level_only,PR,0.63,0.1854
MIMIC-IV internal OOF,patient_mean_5_repeats,model12h_level_only,PR,0.64,0.18184
MIMIC-IV internal OOF,patient_mean_5_repeats,model12h_level_only,PR,0.65,0.17079
MIMIC-IV internal OOF,patient_mean_5_repeats,model12h_level_only,PR,0.66,0.16924
MIMIC-IV internal OOF,patient_mean_5_repeats,model12h_level_only,PR,0.67,0.17022
MIMIC-IV internal OOF,patient_mean_5_repeats,model12h_level_only,PR,0.68,0.17093
MIMIC-IV internal OOF,patient_mean_5_repeats,model12h_level_only,PR,0.69,0.16688
MIMIC-IV internal OOF,patient_mean_5_repeats,model12h_level_only,PR,0.7,0.16498
MIMIC-IV internal OOF,patient_mean_5_repeats,model12h_level_only,PR,0.71,0.1514
MIMIC-IV internal OOF,patient_mean_5_repeats,model12h_level_only,PR,0.72,0.15237
MIMIC-IV internal OOF,patient_mean_5_repeats,model12h_level_only,PR,0.73,0.1511
MIMIC-IV internal OOF,patient_mean_5_repeats,model12h_level_only,PR,0.74,0.14748
MIMIC-IV internal OOF,patient_mean_5_repeats,model12h_level_only,PR,0.75,0.14876
MIMIC-IV internal OOF,patient_mean_5_repeats,model12h_level_only,PR,0.76,0.14715
MIMIC-IV internal OOF,patient_mean_5_repeats,model12h_level_only,PR,0.77,0.1473
MIMIC-IV internal OOF,patient_mean_5_repeats,model12h_level_only,PR,0.78,0.14738
MIMIC-IV internal OOF,patient_mean_5_repeats,model12h_level_only,PR,0.79,0.14361
MIMIC-IV internal OOF,patient_mean_5_repeats,model12h_level_only,PR,0.8,0.1435
MIMIC-IV internal OOF,patient_mean_5_repeats,model12h_level_only,PR,0.81,0.14344
MIMIC-IV internal OOF,patient_mean_5_repeats,model12h_level_only,PR,0.82,0.1331
MIMIC-IV internal OOF,patient_mean_5_repeats,model12h_level_only,PR,0.83,0.12659
MIMIC-IV internal OOF,patient_mean_5_repeats,model12h_level_only,PR,0.84,0.12445
MIMIC-IV internal OOF,patient_mean_5_repeats,model12h_level_only,PR,0.85,0.1237
MIMIC-IV internal OOF,patient_mean_5_repeats,model12h_level_only,PR,0.86,0.12313
MIMIC-IV internal OOF,patient_mean_5_repeats,model12h_level_only,PR,0.87,0.12187
MIMIC-IV internal OOF,patient_mean_5_repeats,model12h_level_only,PR,0.88,0.11789
MIMIC-IV internal OOF,patient_mean_5_repeats,model12h_level_only,PR,0.89,0.11772
MIMIC-IV internal OOF,patient_mean_5_repeats,model12h_level_only,PR,0.9,0.118
MIMIC-IV internal OOF,patient_mean_5_repeats,model12h_level_only,PR,0.91,0.11628
MIMIC-IV internal OOF,patient_mean_5_repeats,model12h_level_only,PR,0.92,0.1136
MIMIC-IV internal OOF,patient_mean_5_repeats,model12h_level_only,PR,0.93,0.109
MIMIC-IV internal OOF,patient_mean_5_repeats,model12h_level_only,PR,0.94,0.10896
MIMIC-IV internal OOF,patient_mean_5_repeats,model12h_level_only,PR,0.95,0.10717
MIMIC-IV internal OOF,patient_mean_5_repeats,model12h_level_only,PR,0.96,0.10792
MIMIC-IV internal OOF,patient_mean_5_repeats,model12h_level_only,PR,0.97,0.10872
MIMIC-IV internal OOF,patient_mean_5_repeats,model12h_level_only,PR,0.98,0.10268
MIMIC-IV internal OOF,patient_mean_5_repeats,model12h_level_only,PR,0.99,0.1009
MIMIC-IV internal OOF,patient_mean_5_repeats,model12h_level_only,PR,1.0,0.09994
SICdb external,hourly_median,model12h_level_only,ROC,0.0,0.0
SICdb external,hourly_median,model12h_level_only,ROC,0.01,0.06978
SICdb external,hourly_median,model12h_level_only,ROC,0.02,0.15578
SICdb external,hourly_median,model12h_level_only,ROC,0.03,0.19459
SICdb external,hourly_median,model12h_level_only,ROC,0.04,0.25405
SICdb external,hourly_median,model12h_level_only,ROC,0.05,0.27027
SICdb external,hourly_median,model12h_level_only,ROC,0.06,0.27568
SICdb external,hourly_median,model12h_level_only,ROC,0.07,0.31892
SICdb external,hourly_median,model12h_level_only,ROC,0.08,0.34054
SICdb external,hourly_median,model12h_level_only,ROC,0.09,0.35135
SICdb external,hourly_median,model12h_level_only,ROC,0.1,0.42703
SICdb external,hourly_median,model12h_level_only,ROC,0.11,0.43243
SICdb external,hourly_median,model12h_level_only,ROC,0.12,0.47568
SICdb external,hourly_median,model12h_level_only,ROC,0.13,0.5027
SICdb external,hourly_median,model12h_level_only,ROC,0.14,0.52432
SICdb external,hourly_median,model12h_level_only,ROC,0.15,0.52973
SICdb external,hourly_median,model12h_level_only,ROC,0.16,0.54054
SICdb external,hourly_median,model12h_level_only,ROC,0.17,0.56216
SICdb external,hourly_median,model12h_level_only,ROC,0.18,0.56216
SICdb external,hourly_median,model12h_level_only,ROC,0.19,0.56373
SICdb external,hourly_median,model12h_level_only,ROC,0.2,0.58919
SICdb external,hourly_median,model12h_level_only,ROC,0.21,0.59459
SICdb external,hourly_median,model12h_level_only,ROC,0.22,0.60541
SICdb external,hourly_median,model12h_level_only,ROC,0.23,0.61584
SICdb external,hourly_median,model12h_level_only,ROC,0.24,0.63243
SICdb external,hourly_median,model12h_level_only,ROC,0.25,0.63784
SICdb external,hourly_median,model12h_level_only,ROC,0.26,0.66486
SICdb external,hourly_median,model12h_level_only,ROC,0.27,0.67568
SICdb external,hourly_median,model12h_level_only,ROC,0.28,0.69189
SICdb external,hourly_median,model12h_level_only,ROC,0.29,0.69189
SICdb external,hourly_median,model12h_level_only,ROC,0.3,0.70811
SICdb external,hourly_median,model12h_level_only,ROC,0.31,0.71351
SICdb external,hourly_median,model12h_level_only,ROC,0.32,0.72973
SICdb external,hourly_median,model12h_level_only,ROC,0.33,0.74054
SICdb external,hourly_median,model12h_level_only,ROC,0.34,0.75676
SICdb external,hourly_median,model12h_level_only,ROC,0.35,0.76216
SICdb external,hourly_median,model12h_level_only,ROC,0.36,0.76216
SICdb external,hourly_median,model12h_level_only,ROC,0.37,0.76757
SICdb external,hourly_median,model12h_level_only,ROC,0.38,0.76757
SICdb external,hourly_median,model12h_level_only,ROC,0.39,0.76757
SICdb external,hourly_median,model12h_level_only,ROC,0.4,0.76757
SICdb external,hourly_median,model12h_level_only,ROC,0.41,0.77838
SICdb external,hourly_median,model12h_level_only,ROC,0.42,0.77838
SICdb external,hourly_median,model12h_level_only,ROC,0.43,0.77838
SICdb external,hourly_median,model12h_level_only,ROC,0.44,0.77838
SICdb external,hourly_median,model12h_level_only,ROC,0.45,0.78378
SICdb external,hourly_median,model12h_level_only,ROC,0.46,0.80541
SICdb external,hourly_median,model12h_level_only,ROC,0.47,0.82703
SICdb external,hourly_median,model12h_level_only,ROC,0.48,0.83243
SICdb external,hourly_median,model12h_level_only,ROC,0.49,0.83243
SICdb external,hourly_median,model12h_level_only,ROC,0.5,0.84324
SICdb external,hourly_median,model12h_level_only,ROC,0.51,0.84865
SICdb external,hourly_median,model12h_level_only,ROC,0.52,0.85946
SICdb external,hourly_median,model12h_level_only,ROC,0.53,0.85946
SICdb external,hourly_median,model12h_level_only,ROC,0.54,0.87027
SICdb external,hourly_median,model12h_level_only,ROC,0.55,0.87027
SICdb external,hourly_median,model12h_level_only,ROC,0.56,0.87027
SICdb external,hourly_median,model12h_level_only,ROC,0.57,0.87568
SICdb external,hourly_median,model12h_level_only,ROC,0.58,0.87568
SICdb external,hourly_median,model12h_level_only,ROC,0.59,0.88108
SICdb external,hourly_median,model12h_level_only,ROC,0.6,0.88108
SICdb external,hourly_median,model12h_level_only,ROC,0.61,0.89189
SICdb external,hourly_median,model12h_level_only,ROC,0.62,0.8973
SICdb external,hourly_median,model12h_level_only,ROC,0.63,0.9027
SICdb external,hourly_median,model12h_level_only,ROC,0.64,0.9027
SICdb external,hourly_median,model12h_level_only,ROC,0.65,0.90811
SICdb external,hourly_median,model12h_level_only,ROC,0.66,0.91892
SICdb external,hourly_median,model12h_level_only,ROC,0.67,0.91892
SICdb external,hourly_median,model12h_level_only,ROC,0.68,0.91892
SICdb external,hourly_median,model12h_level_only,ROC,0.69,0.91892
SICdb external,hourly_median,model12h_level_only,ROC,0.7,0.91892
SICdb external,hourly_median,model12h_level_only,ROC,0.71,0.92432
SICdb external,hourly_median,model12h_level_only,ROC,0.72,0.92432
SICdb external,hourly_median,model12h_level_only,ROC,0.73,0.94054
SICdb external,hourly_median,model12h_level_only,ROC,0.74,0.94054
SICdb external,hourly_median,model12h_level_only,ROC,0.75,0.94054
SICdb external,hourly_median,model12h_level_only,ROC,0.76,0.94054
SICdb external,hourly_median,model12h_level_only,ROC,0.77,0.95676
SICdb external,hourly_median,model12h_level_only,ROC,0.78,0.96216
SICdb external,hourly_median,model12h_level_only,ROC,0.79,0.96216
SICdb external,hourly_median,model12h_level_only,ROC,0.8,0.96216
SICdb external,hourly_median,model12h_level_only,ROC,0.81,0.96216
SICdb external,hourly_median,model12h_level_only,ROC,0.82,0.96757
SICdb external,hourly_median,model12h_level_only,ROC,0.83,0.97297
SICdb external,hourly_median,model12h_level_only,ROC,0.84,0.97297
SICdb external,hourly_median,model12h_level_only,ROC,0.85,0.97838
SICdb external,hourly_median,model12h_level_only,ROC,0.86,0.97838
SICdb external,hourly_median,model12h_level_only,ROC,0.87,0.97838
SICdb external,hourly_median,model12h_level_only,ROC,0.88,0.97838
SICdb external,hourly_median,model12h_level_only,ROC,0.89,0.98378
SICdb external,hourly_median,model12h_level_only,ROC,0.9,0.98919
SICdb external,hourly_median,model12h_level_only,ROC,0.91,0.98919
SICdb external,hourly_median,model12h_level_only,ROC,0.92,0.99459
SICdb external,hourly_median,model12h_level_only,ROC,0.93,0.99459
SICdb external,hourly_median,model12h_level_only,ROC,0.94,1.0
SICdb external,hourly_median,model12h_level_only,ROC,0.95,1.0
SICdb external,hourly_median,model12h_level_only,ROC,0.96,1.0
SICdb external,hourly_median,model12h_level_only,ROC,0.97,1.0
SICdb external,hourly_median,model12h_level_only,ROC,0.98,1.0
SICdb external,hourly_median,model12h_level_only,ROC,0.99,1.0
SICdb external,hourly_median,model12h_level_only,ROC,1.0,1.0
SICdb external,hourly_median,model12h_level_only,PR,0.0,0.07786
SICdb external,hourly_median,model12h_level_only,PR,0.01,0.475
SICdb external,hourly_median,model12h_level_only,PR,0.02,0.40857
SICdb external,hourly_median,model12h_level_only,PR,0.03,0.47955
SICdb external,hourly_median,model12h_level_only,PR,0.04,0.51131
SICdb external,hourly_median,model12h_level_only,PR,0.05,0.43365
SICdb external,hourly_median,model12h_level_only,PR,0.06,0.39357
SICdb external,hourly_median,model12h_level_only,PR,0.07,0.37286
SICdb external,hourly_median,model12h_level_only,PR,0.08,0.36836
SICdb external,hourly_median,model12h_level_only,PR,0.09,0.37283
SICdb external,hourly_median,model12h_level_only,PR,0.1,0.38138
SICdb external,hourly_median,model12h_level_only,PR,0.11,0.40412
SICdb external,hourly_median,model12h_level_only,PR,0.12,0.42525
SICdb external,hourly_median,model12h_level_only,PR,0.13,0.40693
SICdb external,hourly_median,model12h_level_only,PR,0.14,0.39024
SICdb external,hourly_median,model12h_level_only,PR,0.15,0.39504
SICdb external,hourly_median,model12h_level_only,PR,0.16,0.3989
SICdb external,hourly_median,model12h_level_only,PR,0.17,0.38142
SICdb external,hourly_median,model12h_level_only,PR,0.18,0.3851
SICdb external,hourly_median,model12h_level_only,PR,0.19,0.38082
SICdb external,hourly_median,model12h_level_only,PR,0.2,0.35238
SICdb external,hourly_median,model12h_level_only,PR,0.21,0.34471
SICdb external,hourly_median,model12h_level_only,PR,0.22,0.34086
SICdb external,hourly_median,model12h_level_only,PR,0.23,0.3389
SICdb external,hourly_median,model12h_level_only,PR,0.24,0.34471
SICdb external,hourly_median,model12h_level_only,PR,0.25,0.35237
SICdb external,hourly_median,model12h_level_only,PR,0.26,0.33149
SICdb external,hourly_median,model12h_level_only,PR,0.27,0.33557
SICdb external,hourly_median,model12h_level_only,PR,0.28,0.28296
SICdb external,hourly_median,model12h_level_only,PR,0.29,0.28393
SICdb external,hourly_median,model12h_level_only,PR,0.3,0.27828
SICdb external,hourly_median,model12h_level_only,PR,0.31,0.2788
SICdb external,hourly_median,model12h_level_only,PR,0.32,0.27925
SICdb external,hourly_median,model12h_level_only,PR,0.33,0.27593
SICdb external,hourly_median,model12h_level_only,PR,0.34,0.27721
SICdb external,hourly_median,model12h_level_only,PR,0.35,0.25495
SICdb external,hourly_median,model12h_level_only,PR,0.36,0.25075
SICdb external,hourly_median,model12h_level_only,PR,0.37,0.2555
SICdb external,hourly_median,model12h_level_only,PR,0.38,0.25883
SICdb external,hourly_median,model12h_level_only,PR,0.39,0.26318
SICdb external,hourly_median,model12h_level_only,PR,0.4,0.26715
SICdb external,hourly_median,model12h_level_only,PR,0.41,0.26577
SICdb external,hourly_median,model12h_level_only,PR,0.42,0.26467
SICdb external,hourly_median,model12h_level_only,PR,0.43,0.2572
SICdb external,hourly_median,model12h_level_only,PR,0.44,0.25015
SICdb external,hourly_median,model12h_level_only,PR,0.45,0.25227
SICdb external,hourly_median,model12h_level_only,PR,0.46,0.25314
SICdb external,hourly_median,model12h_level_only,PR,0.47,0.24989
SICdb external,hourly_median,model12h_level_only,PR,0.48,0.25099
SICdb external,hourly_median,model12h_level_only,PR,0.49,0.25346
SICdb external,hourly_median,model12h_level_only,PR,0.5,0.24966
SICdb external,hourly_median,model12h_level_only,PR,0.51,0.24249
SICdb external,hourly_median,model12h_level_only,PR,0.52,0.24268
SICdb external,hourly_median,model12h_level_only,PR,0.53,0.2306
SICdb external,hourly_median,model12h_level_only,PR,0.54,0.22856
SICdb external,hourly_median,model12h_level_only,PR,0.55,0.2206
SICdb external,hourly_median,model12h_level_only,PR,0.56,0.22081
SICdb external,hourly_median,model12h_level_only,PR,0.57,0.20029
SICdb external,hourly_median,model12h_level_only,PR,0.58,0.20049
SICdb external,hourly_median,model12h_level_only,PR,0.59,0.20057
SICdb external,hourly_median,model12h_level_only,PR,0.6,0.19304
SICdb external,hourly_median,model12h_level_only,PR,0.61,0.18712
SICdb external,hourly_median,model12h_level_only,PR,0.62,0.18414
SICdb external,hourly_median,model12h_level_only,PR,0.63,0.18443
SICdb external,hourly_median,model12h_level_only,PR,0.64,0.17909
SICdb external,hourly_median,model12h_level_only,PR,0.65,0.17835
SICdb external,hourly_median,model12h_level_only,PR,0.66,0.18006
SICdb external,hourly_median,model12h_level_only,PR,0.67,0.17427
SICdb external,hourly_median,model12h_level_only,PR,0.68,0.17458
SICdb external,hourly_median,model12h_level_only,PR,0.69,0.17471
SICdb external,hourly_median,model12h_level_only,PR,0.7,0.16775
SICdb external,hourly_median,model12h_level_only,PR,0.71,0.16713
SICdb external,hourly_median,model12h_level_only,PR,0.72,0.16213
SICdb external,hourly_median,model12h_level_only,PR,0.73,0.16157
SICdb external,hourly_median,model12h_level_only,PR,0.74,0.15967
SICdb external,hourly_median,model12h_level_only,PR,0.75,0.1579
SICdb external,hourly_median,model12h_level_only,PR,0.76,0.15826
SICdb external,hourly_median,model12h_level_only,PR,0.77,0.14523
SICdb external,hourly_median,model12h_level_only,PR,0.78,0.13578
SICdb external,hourly_median,model12h_level_only,PR,0.79,0.12859
SICdb external,hourly_median,model12h_level_only,PR,0.8,0.12903
SICdb external,hourly_median,model12h_level_only,PR,0.81,0.12908
SICdb external,hourly_median,model12h_level_only,PR,0.82,0.12947
SICdb external,hourly_median,model12h_level_only,PR,0.83,0.12874
SICdb external,hourly_median,model12h_level_only,PR,0.84,0.12555
SICdb external,hourly_median,model12h_level_only,PR,0.85,0.12412
SICdb external,hourly_median,model12h_level_only,PR,0.86,0.12225
SICdb external,hourly_median,model12h_level_only,PR,0.87,0.12031
SICdb external,hourly_median,model12h_level_only,PR,0.88,0.11361
SICdb external,hourly_median,model12h_level_only,PR,0.89,0.1107
SICdb external,hourly_median,model12h_level_only,PR,0.9,0.10936
SICdb external,hourly_median,model12h_level_only,PR,0.91,0.10607
SICdb external,hourly_median,model12h_level_only,PR,0.92,0.10427
SICdb external,hourly_median,model12h_level_only,PR,0.93,0.0979
SICdb external,hourly_median,model12h_level_only,PR,0.94,0.09833
SICdb external,hourly_median,model12h_level_only,PR,0.95,0.09473
SICdb external,hourly_median,model12h_level_only,PR,0.96,0.09491
SICdb external,hourly_median,model12h_level_only,PR,0.97,0.09066
SICdb external,hourly_median,model12h_level_only,PR,0.98,0.08791
SICdb external,hourly_median,model12h_level_only,PR,0.99,0.08507
SICdb external,hourly_median,model12h_level_only,PR,1.0,0.08303
